svr__C,svr__epsilon,svr__kernel,vect__analyzer,vect__ngram_range,vect__preprocessor,mean_test_score,std_test_score,rank_test_score,mean_fit_time
10.0,0.01,linear,char,"(1, 5)",rmstop_clean_stem,-1.70158200446903,0.07645692061614943,123,1.304776132106781
10.0,0.01,linear,char,"(2, 6)",rmstop_clean_stem,-1.6855099123216126,0.06877291454167532,106,1.4258763790130615
10.0,0.01,linear,char,"(4, 12)",rmstop_clean_stem,-1.6309007998919514,0.05441463850601722,86,2.5587626695632935
10.0,0.01,linear,char,"(6, 8)",rmstop_clean_stem,-1.6754506050570181,0.04862439914219241,102,1.1289803981781006
10.0,0.01,rbf,char,"(1, 5)",rmstop_clean_stem,-1.5400906019298872,0.03009894343515898,13,1.2735217213630676
10.0,0.01,rbf,char,"(2, 6)",rmstop_clean_stem,-1.5417419889957058,0.03062785319057861,19,1.4345647692680359
10.0,0.01,rbf,char,"(4, 12)",rmstop_clean_stem,-1.5937159037468631,0.027221996344529816,52,2.682132840156555
10.0,0.01,rbf,char,"(6, 8)",rmstop_clean_stem,-1.599393236022565,0.028997796436300474,62,1.0547308921813965
10.0,0.01,poly,char,"(1, 5)",rmstop_clean_stem,-1.6891549982229241,0.03476022829889559,107,1.2690556049346924
10.0,0.01,poly,char,"(2, 6)",rmstop_clean_stem,-1.8199220081027894,0.04545972663021941,149,1.4475018978118896
10.0,0.01,poly,char,"(4, 12)",rmstop_clean_stem,-1.9529462437428524,0.046267752675033635,188,2.6496952772140503
10.0,0.01,poly,char,"(6, 8)",rmstop_clean_stem,-1.9321344239442626,0.04568006972990112,169,1.0274126529693604
10.0,0.025,linear,char,"(1, 5)",rmstop_clean_stem,-1.6995420969893358,0.0756564811507168,116,1.3525131940841675
10.0,0.025,linear,char,"(2, 6)",rmstop_clean_stem,-1.6831309334645832,0.06792869442932072,104,1.4417452216148376
10.0,0.025,linear,char,"(4, 12)",rmstop_clean_stem,-1.629181517929776,0.054127979701265254,84,2.612851142883301
10.0,0.025,linear,char,"(6, 8)",rmstop_clean_stem,-1.673509170490029,0.04847401573755963,100,1.084494173526764
10.0,0.025,rbf,char,"(1, 5)",rmstop_clean_stem,-1.5402286120745778,0.029837292441000255,15,1.2657106518745422
10.0,0.025,rbf,char,"(2, 6)",rmstop_clean_stem,-1.5420258956861148,0.030381403765549216,20,1.3615171313285828
10.0,0.025,rbf,char,"(4, 12)",rmstop_clean_stem,-1.5942763292495368,0.027051556397496054,53,2.725185513496399
10.0,0.025,rbf,char,"(6, 8)",rmstop_clean_stem,-1.5998847352397678,0.02875516656606569,63,1.0697370767593384
10.0,0.025,poly,char,"(1, 5)",rmstop_clean_stem,-1.6900823176862052,0.0347334705711804,110,1.3714752793312073
10.0,0.025,poly,char,"(2, 6)",rmstop_clean_stem,-1.8208227911867145,0.04540666086337579,150,1.4709681272506714
10.0,0.025,poly,char,"(4, 12)",rmstop_clean_stem,-1.9536917320913847,0.04612147610458506,189,2.7058544158935547
10.0,0.025,poly,char,"(6, 8)",rmstop_clean_stem,-1.9328979643644426,0.045543843733532756,170,1.0300712585449219
10.0,0.05,linear,char,"(1, 5)",rmstop_clean_stem,-1.6963164806974569,0.07435548803884255,114,1.3197526931762695
10.0,0.05,linear,char,"(2, 6)",rmstop_clean_stem,-1.6791975368953227,0.06681349457675399,103,1.4632628560066223
10.0,0.05,linear,char,"(4, 12)",rmstop_clean_stem,-1.6264850462864333,0.053565418494092645,83,2.6096968054771423
10.0,0.05,linear,char,"(6, 8)",rmstop_clean_stem,-1.670452273579194,0.04790370076179501,98,1.0797653794288635
10.0,0.05,rbf,char,"(1, 5)",rmstop_clean_stem,-1.540496429353747,0.029402732858075382,17,1.3577246069908142
10.0,0.05,rbf,char,"(2, 6)",rmstop_clean_stem,-1.5425553224534903,0.029989009540018364,22,1.4226583242416382
10.0,0.05,rbf,char,"(4, 12)",rmstop_clean_stem,-1.5952791163575446,0.026788663387180358,54,2.655831277370453
10.0,0.05,rbf,char,"(6, 8)",rmstop_clean_stem,-1.6007843335311274,0.028361264649865117,66,1.092426061630249
10.0,0.05,poly,char,"(1, 5)",rmstop_clean_stem,-1.6916709973241368,0.034689982795671814,112,1.3604003190994263
10.0,0.05,poly,char,"(2, 6)",rmstop_clean_stem,-1.8223655307521442,0.04530831987205813,152,1.4390344619750977
10.0,0.05,poly,char,"(4, 12)",rmstop_clean_stem,-1.9549774652846346,0.045884544880677954,190,2.530667543411255
10.0,0.05,poly,char,"(6, 8)",rmstop_clean_stem,-1.934204410410742,0.045319044052585813,171,1.0299119353294373
10.0,0.1,linear,char,"(1, 5)",rmstop_clean_stem,-1.6903461329666993,0.07202009250827945,111,1.3571221828460693
10.0,0.1,linear,char,"(2, 6)",rmstop_clean_stem,-1.6714848217102745,0.06438349818763826,99,1.413592517375946
10.0,0.1,linear,char,"(4, 12)",rmstop_clean_stem,-1.621934820875522,0.05251571941264853,81,2.4852896332740784
10.0,0.1,linear,char,"(6, 8)",rmstop_clean_stem,-1.6647046278569249,0.04663820971271525,97,1.009081244468689
10.0,0.1,rbf,char,"(1, 5)",rmstop_clean_stem,-1.5413085854277244,0.028532991066768522,18,1.2936258912086487
10.0,0.1,rbf,char,"(2, 6)",rmstop_clean_stem,-1.5438456759704586,0.029180390238868884,23,1.325495183467865
10.0,0.1,rbf,char,"(4, 12)",rmstop_clean_stem,-1.5974798689375218,0.02627895835830011,59,2.592023015022278
10.0,0.1,rbf,char,"(6, 8)",rmstop_clean_stem,-1.6028833756593575,0.02763373024144525,68,1.0153245329856873
10.0,0.1,poly,char,"(1, 5)",rmstop_clean_stem,-1.695006166558975,0.034622879565533705,113,1.2334340810775757
10.0,0.1,poly,char,"(2, 6)",rmstop_clean_stem,-1.825576172402027,0.045117893990732016,153,1.3945302367210388
10.0,0.1,poly,char,"(4, 12)",rmstop_clean_stem,-1.9576856935342346,0.045414599213121805,194,2.5623562932014465
10.0,0.1,poly,char,"(6, 8)",rmstop_clean_stem,-1.9369624206510305,0.044862215602386055,172,1.0194333791732788
10.0,0.15,linear,char,"(1, 5)",rmstop_clean_stem,-1.6844273775863368,0.06961895589287095,105,1.3008278608322144
10.0,0.15,linear,char,"(2, 6)",rmstop_clean_stem,-1.664460198861292,0.061823835906870864,96,1.3614924550056458
10.0,0.15,linear,char,"(4, 12)",rmstop_clean_stem,-1.618167140862945,0.05116257871285701,79,2.486223578453064
10.0,0.15,linear,char,"(6, 8)",rmstop_clean_stem,-1.659535028248825,0.04530960440135736,93,0.9922189116477966
10.0,0.15,rbf,char,"(1, 5)",rmstop_clean_stem,-1.5424829342410418,0.02768947551995507,21,1.2539244294166565
10.0,0.15,rbf,char,"(2, 6)",rmstop_clean_stem,-1.5455149897643967,0.028366290669905002,24,1.3241435289382935
10.0,0.15,rbf,char,"(4, 12)",rmstop_clean_stem,-1.6000149870818974,0.025833643627829164,64,2.5233349800109863
10.0,0.15,rbf,char,"(6, 8)",rmstop_clean_stem,-1.605284287069157,0.02701853458989438,69,1.0037589073181152
10.0,0.15,poly,char,"(1, 5)",rmstop_clean_stem,-1.6985919676781325,0.034585921917096064,115,1.2503058910369873
10.0,0.15,poly,char,"(2, 6)",rmstop_clean_stem,-1.8289884299298984,0.04493492483141327,155,1.3281238675117493
10.0,0.15,poly,char,"(4, 12)",rmstop_clean_stem,-1.960571618448709,0.04491255607267604,195,2.5617324113845825
10.0,0.15,poly,char,"(6, 8)",rmstop_clean_stem,-1.9398589405205735,0.044425116782938395,174,0.9995212554931641
10.0,0.25,linear,char,"(1, 5)",rmstop_clean_stem,-1.6738413109288723,0.06529864139564787,101,1.2186262011528015
10.0,0.25,linear,char,"(2, 6)",rmstop_clean_stem,-1.6527468240723657,0.057915067801493206,92,1.3359087705612183
10.0,0.25,linear,char,"(4, 12)",rmstop_clean_stem,-1.61179912026787,0.0475814012968853,77,2.4333911538124084
10.0,0.25,linear,char,"(6, 8)",rmstop_clean_stem,-1.6515032921442576,0.04289479286735455,91,0.9842733144760132
10.0,0.25,rbf,char,"(1, 5)",rmstop_clean_stem,-1.5458753246131902,0.025941252742939402,25,1.1707488298416138
10.0,0.25,rbf,char,"(2, 6)",rmstop_clean_stem,-1.5496560032626154,0.026810909203312142,26,1.2565829157829285
10.0,0.25,rbf,char,"(4, 12)",rmstop_clean_stem,-1.6060098733936834,0.025240619955810076,71,2.449129104614258
10.0,0.25,rbf,char,"(6, 8)",rmstop_clean_stem,-1.6111651219660381,0.026095499114628263,76,0.9663974046707153
10.0,0.25,poly,char,"(1, 5)",rmstop_clean_stem,-1.7065600037860178,0.03463898701424098,125,1.172406554222107
10.0,0.25,poly,char,"(2, 6)",rmstop_clean_stem,-1.8365073793239788,0.04446947158085575,163,1.3515087962150574
10.0,0.25,poly,char,"(4, 12)",rmstop_clean_stem,-1.9666837037289047,0.04387066096875097,202,2.5076794028282166
10.0,0.25,poly,char,"(6, 8)",rmstop_clean_stem,-1.9467760734118595,0.04273466908942629,181,0.9296783208847046
10.0,0.4,linear,char,"(1, 5)",rmstop_clean_stem,-1.6610725749738737,0.060707848756510745,94,1.1068556308746338
10.0,0.4,linear,char,"(2, 6)",rmstop_clean_stem,-1.6422800288008834,0.053020945756036976,90,1.1966952681541443
10.0,0.4,linear,char,"(4, 12)",rmstop_clean_stem,-1.605925278319943,0.04234699770363791,70,2.316224694252014
10.0,0.4,linear,char,"(6, 8)",rmstop_clean_stem,-1.641742328259262,0.03842789422994281,89,0.9288268089294434
10.0,0.4,rbf,char,"(1, 5)",rmstop_clean_stem,-1.5525551770950041,0.02411477663464343,27,1.06637704372406
10.0,0.4,rbf,char,"(2, 6)",rmstop_clean_stem,-1.5577908166839602,0.025051192759544743,30,1.2109403610229492
10.0,0.4,rbf,char,"(4, 12)",rmstop_clean_stem,-1.6177317000676559,0.025147941956295442,78,2.2686083912849426
10.0,0.4,rbf,char,"(6, 8)",rmstop_clean_stem,-1.622252293570778,0.025441394963152886,82,0.9704250693321228
10.0,0.4,poly,char,"(1, 5)",rmstop_clean_stem,-1.720843280469204,0.03475841736002702,133,1.171352744102478
10.0,0.4,poly,char,"(2, 6)",rmstop_clean_stem,-1.849343303928473,0.04383418140459402,166,1.3593993186950684
10.0,0.4,poly,char,"(4, 12)",rmstop_clean_stem,-1.9764283635034228,0.042884159263966264,204,2.328083336353302
10.0,0.4,poly,char,"(6, 8)",rmstop_clean_stem,-1.9571486413821995,0.04197571958116748,193,0.9804450869560242
10.0,1.0,linear,char,"(1, 5)",rmstop_clean_stem,-1.6346254805163312,0.048210663770097424,87,0.8593544960021973
10.0,1.0,linear,char,"(2, 6)",rmstop_clean_stem,-1.6194253858642464,0.04401161704672329,80,0.9843170642852783
10.0,1.0,linear,char,"(4, 12)",rmstop_clean_stem,-1.6062953671193063,0.02477035121419989,72,1.9217356443405151
10.0,1.0,linear,char,"(6, 8)",rmstop_clean_stem,-1.6306705768356722,0.030614315310272804,85,0.7303551435470581
10.0,1.0,rbf,char,"(1, 5)",rmstop_clean_stem,-1.5985806759171017,0.017515164493347692,60,0.8827633857727051
10.0,1.0,rbf,char,"(2, 6)",rmstop_clean_stem,-1.611027506467388,0.021286080368562266,75,0.9648835062980652
10.0,1.0,rbf,char,"(4, 12)",rmstop_clean_stem,-1.6896116478943777,0.02840341295476873,109,2.046819567680359
10.0,1.0,rbf,char,"(6, 8)",rmstop_clean_stem,-1.6894465634060667,0.0296302385920295,108,0.7578924894332886
10.0,1.0,poly,char,"(1, 5)",rmstop_clean_stem,-1.79662298946723,0.03458069594903262,136,0.9607506990432739
10.0,1.0,poly,char,"(2, 6)",rmstop_clean_stem,-1.9202086207241298,0.040416572081145075,168,1.1327282786369324
10.0,1.0,poly,char,"(4, 12)",rmstop_clean_stem,-2.028204198754603,0.03913255096165159,216,2.2928935885429382
10.0,1.0,poly,char,"(6, 8)",rmstop_clean_stem,-2.011244782477185,0.03903215324784559,212,0.8944146633148193
1.0,0.01,linear,char,"(1, 5)",rmstop_clean_stem,-1.5401607747074872,0.03818390528921784,14,1.320349633693695
1.0,0.01,linear,char,"(2, 6)",rmstop_clean_stem,-1.5402395432272664,0.04129729721488345,16,1.464702844619751
1.0,0.01,linear,char,"(4, 12)",rmstop_clean_stem,-1.5750528803807105,0.03998535722274995,37,2.5351268649101257
1.0,0.01,linear,char,"(6, 8)",rmstop_clean_stem,-1.5887678980961624,0.038638291789818945,50,1.1054416298866272
1.0,0.01,rbf,char,"(1, 5)",rmstop_clean_stem,-1.579446944263007,0.01843343933127097,38,1.3323217034339905
1.0,0.01,rbf,char,"(2, 6)",rmstop_clean_stem,-1.5953082115712633,0.022034449083353305,55,1.3359551429748535
1.0,0.01,rbf,char,"(4, 12)",rmstop_clean_stem,-1.7110061565259835,0.041708914818504104,131,2.6404587626457214
1.0,0.01,rbf,char,"(6, 8)",rmstop_clean_stem,-1.7005945188467755,0.03947580886705386,122,1.0077556371688843
1.0,0.01,poly,char,"(1, 5)",rmstop_clean_stem,-1.8098566167514638,0.05070657321203449,143,1.292928695678711
1.0,0.01,poly,char,"(2, 6)",rmstop_clean_stem,-1.9525958664647558,0.06371737393492177,187,1.3974998593330383
1.0,0.01,poly,char,"(4, 12)",rmstop_clean_stem,-2.070255548639887,0.06392957312482955,241,2.6647278666496277
1.0,0.01,poly,char,"(6, 8)",rmstop_clean_stem,-2.0472120229317823,0.06492457820750808,230,1.0325402617454529
1.0,0.025,linear,char,"(1, 5)",rmstop_clean_stem,-1.539521172945218,0.03834127239889714,11,1.331923484802246
1.0,0.025,linear,char,"(2, 6)",rmstop_clean_stem,-1.5398997232246612,0.04127238304062677,12,1.4139323830604553
1.0,0.025,linear,char,"(4, 12)",rmstop_clean_stem,-1.5743525491636285,0.03994953784684229,36,2.628788650035858
1.0,0.025,linear,char,"(6, 8)",rmstop_clean_stem,-1.5883493893775191,0.03868550253012694,49,1.0468342900276184
1.0,0.025,rbf,char,"(1, 5)",rmstop_clean_stem,-1.5795428796555777,0.01826721654223707,39,1.2811080813407898
1.0,0.025,rbf,char,"(2, 6)",rmstop_clean_stem,-1.5955732855933893,0.021923712114504206,56,1.4335713982582092
1.0,0.025,rbf,char,"(4, 12)",rmstop_clean_stem,-1.7107841911256279,0.04162921206109345,130,2.6131471395492554
1.0,0.025,rbf,char,"(6, 8)",rmstop_clean_stem,-1.7004131855418034,0.03932463884797946,120,1.0140124559402466
1.0,0.025,poly,char,"(1, 5)",rmstop_clean_stem,-1.8095357895963828,0.05057507428950657,142,1.2978289127349854
1.0,0.025,poly,char,"(2, 6)",rmstop_clean_stem,-1.9520507421881739,0.06355588846320047,186,1.3944851160049438
1.0,0.025,poly,char,"(4, 12)",rmstop_clean_stem,-2.0693951308092733,0.06382640609726767,240,2.5810548067092896
1.0,0.025,poly,char,"(6, 8)",rmstop_clean_stem,-2.0464495651404166,0.06484878585338666,229,1.0622125267982483
1.0,0.05,linear,char,"(1, 5)",rmstop_clean_stem,-1.538905175833582,0.03857625412811229,9,1.3194395303726196
1.0,0.05,linear,char,"(2, 6)",rmstop_clean_stem,-1.5392925843030505,0.04119071250350478,10,1.3612498044967651
1.0,0.05,linear,char,"(4, 12)",rmstop_clean_stem,-1.5735291022205642,0.039767376367329584,35,2.511600434780121
1.0,0.05,linear,char,"(6, 8)",rmstop_clean_stem,-1.5875712838474205,0.03868916467257135,48,1.0467164516448975
1.0,0.05,rbf,char,"(1, 5)",rmstop_clean_stem,-1.5797560979633074,0.018044503148015385,40,1.3457875847816467
1.0,0.05,rbf,char,"(2, 6)",rmstop_clean_stem,-1.5960728101111072,0.02174958733817863,57,1.3593333959579468
1.0,0.05,rbf,char,"(4, 12)",rmstop_clean_stem,-1.710449482720326,0.0414606852361212,129,2.5935972929000854
1.0,0.05,rbf,char,"(6, 8)",rmstop_clean_stem,-1.700125210188885,0.0390539472182725,119,0.9811835289001465
1.0,0.05,poly,char,"(1, 5)",rmstop_clean_stem,-1.8090394362021016,0.05035985058015576,141,1.2888922691345215
1.0,0.05,poly,char,"(2, 6)",rmstop_clean_stem,-1.951188572280755,0.06329105217091105,185,1.4531012773513794
1.0,0.05,poly,char,"(4, 12)",rmstop_clean_stem,-2.0679964987825947,0.06367494128981409,239,2.606230318546295
1.0,0.05,poly,char,"(6, 8)",rmstop_clean_stem,-2.0452342547263402,0.06471309734180106,228,1.085877239704132
1.0,0.1,linear,char,"(1, 5)",rmstop_clean_stem,-1.5375770057959242,0.03847720216179988,7,1.2625738382339478
1.0,0.1,linear,char,"(2, 6)",rmstop_clean_stem,-1.5376761898775948,0.04059050539492401,8,1.3818541169166565
1.0,0.1,linear,char,"(4, 12)",rmstop_clean_stem,-1.5722579349297123,0.039107843198508595,34,2.4871962666511536
1.0,0.1,linear,char,"(6, 8)",rmstop_clean_stem,-1.5858693806305515,0.03907689529103981,47,0.9804840683937073
1.0,0.1,rbf,char,"(1, 5)",rmstop_clean_stem,-1.5805328456370709,0.017680075334175885,41,1.2997121214866638
1.0,0.1,rbf,char,"(2, 6)",rmstop_clean_stem,-1.5972736317993066,0.02142430217602785,58,1.347117304801941
1.0,0.1,rbf,char,"(4, 12)",rmstop_clean_stem,-1.7098843962088763,0.04112065242286679,128,2.546750843524933
1.0,0.1,rbf,char,"(6, 8)",rmstop_clean_stem,-1.6998281049218509,0.038481128068337214,118,0.9686112999916077
1.0,0.1,poly,char,"(1, 5)",rmstop_clean_stem,-1.80806721787788,0.04983223655211695,139,1.2676319479942322
1.0,0.1,poly,char,"(2, 6)",rmstop_clean_stem,-1.9495505816462386,0.06273629526053362,184,1.4061870574951172
1.0,0.1,poly,char,"(4, 12)",rmstop_clean_stem,-2.0653410086223105,0.06338212810871915,236,2.6561319828033447
1.0,0.1,poly,char,"(6, 8)",rmstop_clean_stem,-2.0430199845501846,0.06436127765515683,226,1.007690668106079
1.0,0.15,linear,char,"(1, 5)",rmstop_clean_stem,-1.5366163165004154,0.03801948191681172,5,1.2343763709068298
1.0,0.15,linear,char,"(2, 6)",rmstop_clean_stem,-1.5366757722615763,0.039682940082833504,6,1.410079538822174
1.0,0.15,linear,char,"(4, 12)",rmstop_clean_stem,-1.5714361696983568,0.03813753581370312,32,2.4959301352500916
1.0,0.15,linear,char,"(6, 8)",rmstop_clean_stem,-1.5851876633636843,0.0383928806538447,46,0.9061923623085022
1.0,0.15,rbf,char,"(1, 5)",rmstop_clean_stem,-1.581779045013353,0.017418706259419662,42,1.2347123622894287
1.0,0.15,rbf,char,"(2, 6)",rmstop_clean_stem,-1.5987887192220105,0.02119078674111809,61,1.3241775035858154
1.0,0.15,rbf,char,"(4, 12)",rmstop_clean_stem,-1.709427608532867,0.04058921757925862,126,2.5251351594924927
1.0,0.15,rbf,char,"(6, 8)",rmstop_clean_stem,-1.699661498128604,0.03798771857375245,117,0.9505388736724854
1.0,0.15,poly,char,"(1, 5)",rmstop_clean_stem,-1.8072714130578231,0.04928723318612971,138,1.2538692951202393
1.0,0.15,poly,char,"(2, 6)",rmstop_clean_stem,-1.9478895730707388,0.062133984175386583,183,1.363142192363739
1.0,0.15,poly,char,"(4, 12)",rmstop_clean_stem,-2.0628707670339526,0.06305288335617053,235,2.5663490295410156
1.0,0.15,poly,char,"(6, 8)",rmstop_clean_stem,-2.041370941256626,0.06402235715526244,225,1.0038471221923828
1.0,0.25,linear,char,"(1, 5)",rmstop_clean_stem,-1.5353737343706038,0.036933836327447726,3,1.171849012374878
1.0,0.25,linear,char,"(2, 6)",rmstop_clean_stem,-1.5356527928904307,0.03824535156673509,4,1.3045982122421265
1.0,0.25,linear,char,"(4, 12)",rmstop_clean_stem,-1.5710724945693126,0.0354707139137854,31,2.4726022481918335
1.0,0.25,linear,char,"(6, 8)",rmstop_clean_stem,-1.5845781630473643,0.036517322237093794,44,0.9568972587585449
1.0,0.25,rbf,char,"(1, 5)",rmstop_clean_stem,-1.5848944237941265,0.01634843072987904,45,1.152399718761444
1.0,0.25,rbf,char,"(2, 6)",rmstop_clean_stem,-1.60259480978845,0.020859125552450175,67,1.230392873287201
1.0,0.25,rbf,char,"(4, 12)",rmstop_clean_stem,-1.7095266991222626,0.03949685274969462,127,2.5351207852363586
1.0,0.25,rbf,char,"(6, 8)",rmstop_clean_stem,-1.7004697176422743,0.037063997227025934,121,0.9765082001686096
1.0,0.25,poly,char,"(1, 5)",rmstop_clean_stem,-1.8066688408157987,0.04793115188184367,137,1.2030161023139954
1.0,0.25,poly,char,"(2, 6)",rmstop_clean_stem,-1.9441230508185965,0.05994971613247156,177,1.3437544107437134
1.0,0.25,poly,char,"(4, 12)",rmstop_clean_stem,-2.0567429282545255,0.061928256427499315,234,2.3847742080688477
1.0,0.25,poly,char,"(6, 8)",rmstop_clean_stem,-2.0367023144495775,0.06328871161270558,219,0.9883590340614319
1.0,0.4,linear,char,"(1, 5)",rmstop_clean_stem,-1.534108504788441,0.0325069568867824,1,1.156234622001648
1.0,0.4,linear,char,"(2, 6)",rmstop_clean_stem,-1.535030061772713,0.03507417959826794,2,1.1991815567016602
1.0,0.4,linear,char,"(4, 12)",rmstop_clean_stem,-1.5719235191704846,0.03212478399253007,33,2.342848777770996
1.0,0.4,linear,char,"(6, 8)",rmstop_clean_stem,-1.584379224240635,0.03243889904643357,43,0.8499817848205566
1.0,0.4,rbf,char,"(1, 5)",rmstop_clean_stem,-1.591136673193966,0.015460317423599504,51,1.1014354825019836
1.0,0.4,rbf,char,"(2, 6)",rmstop_clean_stem,-1.6095748444277467,0.02091447032626625,74,1.1707926392555237
1.0,0.4,rbf,char,"(4, 12)",rmstop_clean_stem,-1.7135172261090366,0.03769010925542285,132,2.414029121398926
1.0,0.4,rbf,char,"(6, 8)",rmstop_clean_stem,-1.705311356694287,0.03548054972801973,124,0.925843358039856
1.0,0.4,poly,char,"(1, 5)",rmstop_clean_stem,-1.809024789363267,0.04526959032793891,140,1.160305917263031
1.0,0.4,poly,char,"(2, 6)",rmstop_clean_stem,-1.9406125414686264,0.05619600451449213,175,1.3045499324798584
1.0,0.4,poly,char,"(4, 12)",rmstop_clean_stem,-2.0476688547887116,0.058418974768980156,231,2.398352563381195
1.0,0.4,poly,char,"(6, 8)",rmstop_clean_stem,-2.0290158116124006,0.05978114998000789,217,0.9413429498672485
1.0,1.0,linear,char,"(1, 5)",rmstop_clean_stem,-1.5546758669681893,0.020698839146888644,28,0.8788566589355469
1.0,1.0,linear,char,"(2, 6)",rmstop_clean_stem,-1.5554809656495943,0.022542584971776095,29,0.9960786700248718
1.0,1.0,linear,char,"(4, 12)",rmstop_clean_stem,-1.6001866395527684,0.026624264731014303,65,1.966305673122406
1.0,1.0,linear,char,"(6, 8)",rmstop_clean_stem,-1.6090310728112327,0.028880263398666475,73,0.7147702574729919
1.0,1.0,rbf,char,"(1, 5)",rmstop_clean_stem,-1.637961140737982,0.01545718658415457,88,0.9233673810958862
1.0,1.0,rbf,char,"(2, 6)",rmstop_clean_stem,-1.661176480889617,0.02017323175786506,95,1.0086148381233215
1.0,1.0,rbf,char,"(4, 12)",rmstop_clean_stem,-1.7716512402591147,0.030890656975967462,135,2.0663857460021973
1.0,1.0,rbf,char,"(6, 8)",rmstop_clean_stem,-1.7618801422103512,0.030463063553617258,134,0.7930466532707214
1.0,1.0,poly,char,"(1, 5)",rmstop_clean_stem,-1.8597967904797814,0.035987228194220504,167,1.0194198489189148
1.0,1.0,poly,char,"(2, 6)",rmstop_clean_stem,-1.9709034400419845,0.043253877713467885,203,1.1519391536712646
1.0,1.0,poly,char,"(4, 12)",rmstop_clean_stem,-2.055961041491741,0.04478532243811853,233,2.3341259360313416
1.0,1.0,poly,char,"(6, 8)",rmstop_clean_stem,-2.043099450043566,0.04471064267519925,227,0.8852874040603638
0.1,0.01,linear,char,"(1, 5)",rmstop_clean_stem,-1.8170833710170855,0.047407524070910846,147,1.3434283137321472
0.1,0.01,linear,char,"(2, 6)",rmstop_clean_stem,-1.8305434443954949,0.049506160166062296,156,1.4216004610061646
0.1,0.01,linear,char,"(4, 12)",rmstop_clean_stem,-1.9626826210678412,0.059262676237112503,197,2.601459264755249
0.1,0.01,linear,char,"(6, 8)",rmstop_clean_stem,-1.9443195272515688,0.059705855495333617,178,1.0312355756759644
0.1,0.01,rbf,char,"(1, 5)",rmstop_clean_stem,-2.009765617442694,0.06399407539915436,210,1.273414969444275
0.1,0.01,rbf,char,"(2, 6)",rmstop_clean_stem,-2.037779709040154,0.06859416128702887,223,1.4101201891899109
0.1,0.01,rbf,char,"(4, 12)",rmstop_clean_stem,-2.115018449361761,0.0977287971737196,255,2.6873931288719177
0.1,0.01,rbf,char,"(6, 8)",rmstop_clean_stem,-2.1020911500415167,0.09151363744505119,246,1.0234149098396301
0.1,0.01,poly,char,"(1, 5)",rmstop_clean_stem,-2.132699252012417,0.09786006041659749,269,1.2920737862586975
0.1,0.01,poly,char,"(2, 6)",rmstop_clean_stem,-2.175205456807547,0.11614186310706452,312,1.4182547330856323
0.1,0.01,poly,char,"(4, 12)",rmstop_clean_stem,-2.214918248457912,0.12684436705948274,348,2.641357123851776
0.1,0.01,poly,char,"(6, 8)",rmstop_clean_stem,-2.2079563073040385,0.12513867819779487,340,1.0162967443466187
0.1,0.025,linear,char,"(1, 5)",rmstop_clean_stem,-1.8165767325887507,0.04739220204964973,146,1.3085826635360718
0.1,0.025,linear,char,"(2, 6)",rmstop_clean_stem,-1.8307223214867974,0.04948153271400968,157,1.472571074962616
0.1,0.025,linear,char,"(4, 12)",rmstop_clean_stem,-1.962598533111489,0.05903763139361516,196,2.6483107805252075
0.1,0.025,linear,char,"(6, 8)",rmstop_clean_stem,-1.9445702589321372,0.0595402009567133,180,0.9959266781806946
0.1,0.025,rbf,char,"(1, 5)",rmstop_clean_stem,-2.009638253622856,0.06362246783425383,208,1.2851035594940186
0.1,0.025,rbf,char,"(2, 6)",rmstop_clean_stem,-2.0374487730053747,0.06756057442749709,221,1.3515177965164185
0.1,0.025,rbf,char,"(4, 12)",rmstop_clean_stem,-2.1148673812068832,0.09520747951415313,254,2.663959503173828
0.1,0.025,rbf,char,"(6, 8)",rmstop_clean_stem,-2.102036280343108,0.0892422713846569,245,1.0312289595603943
0.1,0.025,poly,char,"(1, 5)",rmstop_clean_stem,-2.1324091027147376,0.0952213272352054,267,1.3319694995880127
0.1,0.025,poly,char,"(2, 6)",rmstop_clean_stem,-2.173810630403231,0.11344680497623816,311,1.460939884185791
0.1,0.025,poly,char,"(4, 12)",rmstop_clean_stem,-2.213022766471077,0.1238048513342713,347,2.677687644958496
0.1,0.025,poly,char,"(6, 8)",rmstop_clean_stem,-2.2061526222673673,0.12215879432025278,338,1.0623881220817566
0.1,0.05,linear,char,"(1, 5)",rmstop_clean_stem,-1.8158852937227714,0.047082537535918303,144,1.2577579617500305
0.1,0.05,linear,char,"(2, 6)",rmstop_clean_stem,-1.8309318650027067,0.04951364091135613,159,1.4881881475448608
0.1,0.05,linear,char,"(4, 12)",rmstop_clean_stem,-1.9631547651636134,0.05912756294732994,198,2.6093653440475464
0.1,0.05,linear,char,"(6, 8)",rmstop_clean_stem,-1.944403724624762,0.05910950025090102,179,0.9999634623527527
0.1,0.05,rbf,char,"(1, 5)",rmstop_clean_stem,-2.009732560243967,0.06285152109944454,209,1.3007275462150574
0.1,0.05,rbf,char,"(2, 6)",rmstop_clean_stem,-2.0367679929393914,0.06629503920047167,220,1.371045172214508
0.1,0.05,rbf,char,"(4, 12)",rmstop_clean_stem,-2.1147955629704285,0.09119454227502932,253,2.620942771434784
0.1,0.05,rbf,char,"(6, 8)",rmstop_clean_stem,-2.102191917001452,0.0855971926742116,247,1.0728344321250916
0.1,0.05,poly,char,"(1, 5)",rmstop_clean_stem,-2.1322367265918576,0.09105091893228144,266,1.304690420627594
0.1,0.05,poly,char,"(2, 6)",rmstop_clean_stem,-2.172738208872955,0.1087299809645074,310,1.4530669450759888
0.1,0.05,poly,char,"(4, 12)",rmstop_clean_stem,-2.210006943876582,0.11870841968180468,342,2.601411819458008
0.1,0.05,poly,char,"(6, 8)",rmstop_clean_stem,-2.203314578187984,0.11719861582274055,335,1.0506935119628906
0.1,0.1,linear,char,"(1, 5)",rmstop_clean_stem,-1.8162643677370522,0.046296429543928146,145,1.3242132067680359
0.1,0.1,linear,char,"(2, 6)",rmstop_clean_stem,-1.8310460282231185,0.04960665437562395,160,1.3983598947525024
0.1,0.1,linear,char,"(4, 12)",rmstop_clean_stem,-1.9642925499275368,0.05828948046696933,199,2.6243411898612976
0.1,0.1,linear,char,"(6, 8)",rmstop_clean_stem,-1.9437067928626277,0.057648870634456825,176,0.9686892628669739
0.1,0.1,rbf,char,"(1, 5)",rmstop_clean_stem,-2.011122625668366,0.06191853815101674,211,1.2492101192474365
0.1,0.1,rbf,char,"(2, 6)",rmstop_clean_stem,-2.037516905930983,0.06470043529840659,222,1.4097136855125427
0.1,0.1,rbf,char,"(4, 12)",rmstop_clean_stem,-2.115513875914626,0.08345518589835924,256,2.648297369480133
0.1,0.1,rbf,char,"(6, 8)",rmstop_clean_stem,-2.103004313242587,0.07877828517950727,249,1.0117124915122986
0.1,0.1,poly,char,"(1, 5)",rmstop_clean_stem,-2.1331628058718834,0.08334564385848842,271,1.3353179693222046
0.1,0.1,poly,char,"(2, 6)",rmstop_clean_stem,-2.1719265966717187,0.09936538307101973,308,1.4608998894691467
0.1,0.1,poly,char,"(4, 12)",rmstop_clean_stem,-2.2047366395253802,0.10877978740391195,337,2.609222888946533
0.1,0.1,poly,char,"(6, 8)",rmstop_clean_stem,-2.198363769665416,0.10749291854386638,330,1.1020563840866089
0.1,0.15,linear,char,"(1, 5)",rmstop_clean_stem,-1.8176164214286024,0.046098776765720134,148,1.2460448741912842
0.1,0.15,linear,char,"(2, 6)",rmstop_clean_stem,-1.830882580574993,0.04940627131411423,158,1.3670597076416016
0.1,0.15,linear,char,"(4, 12)",rmstop_clean_stem,-1.9666382017234911,0.05821552363644233,201,2.5703818798065186
0.1,0.15,linear,char,"(6, 8)",rmstop_clean_stem,-1.9472099259829574,0.05715674468213483,182,0.9726629257202148
0.1,0.15,rbf,char,"(1, 5)",rmstop_clean_stem,-2.012826533759522,0.06100119158765218,213,1.2773872017860413
0.1,0.15,rbf,char,"(2, 6)",rmstop_clean_stem,-2.0409023058556124,0.06415361574590552,224,1.426123857498169
0.1,0.15,rbf,char,"(4, 12)",rmstop_clean_stem,-2.1169063868031834,0.07636690917862494,258,2.601274073123932
0.1,0.15,rbf,char,"(6, 8)",rmstop_clean_stem,-2.104853330438965,0.07288978094778882,250,1.0399413108825684
0.1,0.15,poly,char,"(1, 5)",rmstop_clean_stem,-2.1345355400195296,0.07639034652077634,273,1.3592825531959534
0.1,0.15,poly,char,"(2, 6)",rmstop_clean_stem,-2.1726305715211067,0.09047976007975535,309,1.4178956747055054
0.1,0.15,poly,char,"(4, 12)",rmstop_clean_stem,-2.200509644855744,0.09937273118391421,333,2.64442378282547
0.1,0.15,poly,char,"(6, 8)",rmstop_clean_stem,-2.195865758735807,0.0981698983440047,327,0.9999854564666748
0.1,0.25,linear,char,"(1, 5)",rmstop_clean_stem,-1.821771386797639,0.04846374497239685,151,1.2538979649543762
0.1,0.25,linear,char,"(2, 6)",rmstop_clean_stem,-1.8349159025484867,0.050240676710597426,162,1.3827364444732666
0.1,0.25,linear,char,"(4, 12)",rmstop_clean_stem,-1.9778349741109584,0.060784372061931456,205,2.4413368701934814
0.1,0.25,linear,char,"(6, 8)",rmstop_clean_stem,-1.9551845839411477,0.06112573735897125,191,0.9725508093833923
0.1,0.25,rbf,char,"(1, 5)",rmstop_clean_stem,-2.0207429619707447,0.060517228359890526,215,1.28908771276474
0.1,0.25,rbf,char,"(2, 6)",rmstop_clean_stem,-2.0489511577665933,0.06251229663817416,232,1.4148789048194885
0.1,0.25,rbf,char,"(4, 12)",rmstop_clean_stem,-2.1222519182442,0.06723754785758534,260,2.66148042678833
0.1,0.25,rbf,char,"(6, 8)",rmstop_clean_stem,-2.1116773312802093,0.06650862393347494,251,1.0554707050323486
0.1,0.25,poly,char,"(1, 5)",rmstop_clean_stem,-2.141026502982631,0.06769936111408484,301,1.3406838774681091
0.1,0.25,poly,char,"(2, 6)",rmstop_clean_stem,-2.1767122097191622,0.07544758408602183,314,1.4454464316368103
0.1,0.25,poly,char,"(4, 12)",rmstop_clean_stem,-2.2002499290385837,0.08223062543453204,331,2.644138216972351
0.1,0.25,poly,char,"(6, 8)",rmstop_clean_stem,-2.1966688425829926,0.0812398317282586,328,1.0479227304458618
0.1,0.4,linear,char,"(1, 5)",rmstop_clean_stem,-1.8277884834393152,0.051751013392533504,154,1.1754758954048157
0.1,0.4,linear,char,"(2, 6)",rmstop_clean_stem,-1.8388201154744335,0.053272656111238,164,1.2928207516670227
0.1,0.4,linear,char,"(4, 12)",rmstop_clean_stem,-1.9904985459904307,0.06456284391398076,206,2.449044704437256
0.1,0.4,linear,char,"(6, 8)",rmstop_clean_stem,-1.9657208924568632,0.0650822092464913,200,0.9413444995880127
0.1,0.4,rbf,char,"(1, 5)",rmstop_clean_stem,-2.036643199749747,0.06420854609704264,218,1.21475350856781
0.1,0.4,rbf,char,"(2, 6)",rmstop_clean_stem,-2.0671268887617678,0.06489892087511527,238,1.3198267817497253
0.1,0.4,rbf,char,"(4, 12)",rmstop_clean_stem,-2.1428787077877036,0.06615626607070432,302,2.4834700226783752
0.1,0.4,rbf,char,"(6, 8)",rmstop_clean_stem,-2.132779615120395,0.06650982175501258,270,1.0460691452026367
0.1,0.4,poly,char,"(1, 5)",rmstop_clean_stem,-2.163981805705155,0.06702371521185696,303,1.3045142889022827
0.1,0.4,poly,char,"(2, 6)",rmstop_clean_stem,-2.1939247584025496,0.06720308014971584,322,1.4295790195465088
0.1,0.4,poly,char,"(4, 12)",rmstop_clean_stem,-2.2129044858678695,0.06729800032374825,346,2.6171827912330627
0.1,0.4,poly,char,"(6, 8)",rmstop_clean_stem,-2.209962433719757,0.06737406171704732,341,1.0468644499778748
0.1,1.0,linear,char,"(1, 5)",rmstop_clean_stem,-1.8339320702927422,0.03465501193148394,161,0.9718290567398071
0.1,1.0,linear,char,"(2, 6)",rmstop_clean_stem,-1.8429903833585652,0.037634180014753965,165,1.0389832854270935
0.1,1.0,linear,char,"(4, 12)",rmstop_clean_stem,-1.9561033866289625,0.047259063702881125,192,2.0506896376609802
0.1,1.0,linear,char,"(6, 8)",rmstop_clean_stem,-1.939141792844236,0.047575506552607526,173,0.7890042662620544
0.1,1.0,rbf,char,"(1, 5)",rmstop_clean_stem,-1.9945264533585636,0.0483721800460251,207,1.0155790448188782
0.1,1.0,rbf,char,"(2, 6)",rmstop_clean_stem,-2.016436958473636,0.049513549044944566,214,1.1171793937683105
0.1,1.0,rbf,char,"(4, 12)",rmstop_clean_stem,-2.0729822237537636,0.05146633009119305,242,2.13139808177948
0.1,1.0,rbf,char,"(6, 8)",rmstop_clean_stem,-2.065690547092517,0.051501220837520206,237,0.8554725646972656
0.1,1.0,poly,char,"(1, 5)",rmstop_clean_stem,-2.0884005843441757,0.05215329422130657,243,1.0889230966567993
0.1,1.0,poly,char,"(2, 6)",rmstop_clean_stem,-2.1121634156035616,0.05255004132627703,252,1.187022626399994
0.1,1.0,poly,char,"(4, 12)",rmstop_clean_stem,-2.1264121001138316,0.05213568349392818,264,2.277199625968933
0.1,1.0,poly,char,"(6, 8)",rmstop_clean_stem,-2.1241886607700233,0.052345558515084385,262,0.8819864988327026
0.01,0.01,linear,char,"(1, 5)",rmstop_clean_stem,-2.1944397324532017,0.1276385459458685,325,1.3631259202957153
0.01,0.01,linear,char,"(2, 6)",rmstop_clean_stem,-2.1973386011865395,0.1291617141253734,329,1.4218870997428894
0.01,0.01,linear,char,"(4, 12)",rmstop_clean_stem,-2.231906728365133,0.1446146928929483,381,2.613172709941864
0.01,0.01,linear,char,"(6, 8)",rmstop_clean_stem,-2.224625243296528,0.14128455652895452,358,1.0350934267044067
0.01,0.01,rbf,char,"(1, 5)",rmstop_clean_stem,-2.2436587378943846,0.14842044505746876,411,1.3007409572601318
0.01,0.01,rbf,char,"(2, 6)",rmstop_clean_stem,-2.2494038525039604,0.15089954985346532,433,1.4452477097511292
0.01,0.01,rbf,char,"(4, 12)",rmstop_clean_stem,-2.2642359811467934,0.15743087193138242,477,2.5898109674453735
0.01,0.01,rbf,char,"(6, 8)",rmstop_clean_stem,-2.261498510646252,0.15611491386470444,471,1.0424643158912659
0.01,0.01,poly,char,"(1, 5)",rmstop_clean_stem,-2.2643485382347306,0.15607152126347268,478,1.3385387659072876
0.01,0.01,poly,char,"(2, 6)",rmstop_clean_stem,-2.271525144652368,0.1593278916019246,503,1.4687789678573608
0.01,0.01,poly,char,"(4, 12)",rmstop_clean_stem,-2.2769217408573708,0.16203482457538174,534,2.714804768562317
0.01,0.01,poly,char,"(6, 8)",rmstop_clean_stem,-2.2760027323646717,0.1615639393149054,524,1.0234814286231995
0.01,0.025,linear,char,"(1, 5)",rmstop_clean_stem,-2.1919704247018355,0.12490895031863129,321,1.3045950531959534
0.01,0.025,linear,char,"(2, 6)",rmstop_clean_stem,-2.1947102059063197,0.12636666081040906,326,1.4140208959579468
0.01,0.025,linear,char,"(4, 12)",rmstop_clean_stem,-2.2292193480097815,0.14134657243659096,371,2.679454028606415
0.01,0.025,linear,char,"(6, 8)",rmstop_clean_stem,-2.2220748102443566,0.13811466422053667,356,1.021017611026764
0.01,0.025,rbf,char,"(1, 5)",rmstop_clean_stem,-2.2408298215719515,0.1449778534510547,404,1.2421090006828308
0.01,0.025,rbf,char,"(2, 6)",rmstop_clean_stem,-2.2465670510268687,0.14738877304321257,429,1.4217789769172668
0.01,0.025,rbf,char,"(4, 12)",rmstop_clean_stem,-2.26130236543828,0.15382331887393302,469,2.6718087792396545
0.01,0.025,rbf,char,"(6, 8)",rmstop_clean_stem,-2.258589739658248,0.15252295175896557,458,1.0273586511611938
0.01,0.025,poly,char,"(1, 5)",rmstop_clean_stem,-2.261433493638386,0.15249902558232595,470,1.3123320937156677
0.01,0.025,poly,char,"(2, 6)",rmstop_clean_stem,-2.2685525133075624,0.1557193973223127,500,1.4796040058135986
0.01,0.025,poly,char,"(4, 12)",rmstop_clean_stem,-2.2739058399091587,0.15838731053694544,510,2.546751916408539
0.01,0.025,poly,char,"(6, 8)",rmstop_clean_stem,-2.272994898620367,0.15792322696465427,508,1.0858557224273682
0.01,0.05,linear,char,"(1, 5)",rmstop_clean_stem,-2.18813303158293,0.11989622560585413,318,1.3359179496765137
0.01,0.05,linear,char,"(2, 6)",rmstop_clean_stem,-2.1907613513044835,0.12127138159834236,320,1.4881936311721802
0.01,0.05,linear,char,"(4, 12)",rmstop_clean_stem,-2.2249789014535226,0.13555038510318002,359,2.632669508457184
0.01,0.05,linear,char,"(6, 8)",rmstop_clean_stem,-2.217924190544683,0.1324427169033016,353,1.0390117764472961
0.01,0.05,rbf,char,"(1, 5)",rmstop_clean_stem,-2.2364304108583397,0.1391290560451167,395,1.3203285932540894
0.01,0.05,rbf,char,"(2, 6)",rmstop_clean_stem,-2.242086610597827,0.14149964311292634,406,1.398373782634735
0.01,0.05,rbf,char,"(4, 12)",rmstop_clean_stem,-2.2566126643792286,0.14782035384745398,444,2.615883767604828
0.01,0.05,rbf,char,"(6, 8)",rmstop_clean_stem,-2.2539423821239604,0.14654653321742916,439,1.0585269331932068
0.01,0.05,poly,char,"(1, 5)",rmstop_clean_stem,-2.2567750132357847,0.14655567628287422,446,1.3232372999191284
0.01,0.05,poly,char,"(2, 6)",rmstop_clean_stem,-2.2637968433601903,0.149713301943797,475,1.4214490056037903
0.01,0.05,poly,char,"(4, 12)",rmstop_clean_stem,-2.2690773969913245,0.1523135788052399,501,2.64441180229187
0.01,0.05,poly,char,"(6, 8)",rmstop_clean_stem,-2.268180049505551,0.15186123724869313,499,1.0859485864639282
0.01,0.1,linear,char,"(1, 5)",rmstop_clean_stem,-2.181479912005781,0.10942820497998773,316,1.3014808297157288
0.01,0.1,linear,char,"(2, 6)",rmstop_clean_stem,-2.184114513257138,0.11062186949656391,317,1.4549967050552368
0.01,0.1,linear,char,"(4, 12)",rmstop_clean_stem,-2.2172660637391464,0.12409464840668369,351,2.5693567991256714
0.01,0.1,linear,char,"(6, 8)",rmstop_clean_stem,-2.2104728221884735,0.12114265350529708,344,1.0351067781448364
0.01,0.1,rbf,char,"(1, 5)",rmstop_clean_stem,-2.2283940430578264,0.12755020151543434,368,1.3476251363754272
0.01,0.1,rbf,char,"(2, 6)",rmstop_clean_stem,-2.2338856418670865,0.12982512843048072,393,1.445268154144287
0.01,0.1,rbf,char,"(4, 12)",rmstop_clean_stem,-2.247985756406506,0.13588509265584633,431,2.6678426861763
0.01,0.1,rbf,char,"(6, 8)",rmstop_clean_stem,-2.2454014295587092,0.13467007313532767,425,0.9999635219573975
0.01,0.1,poly,char,"(1, 5)",rmstop_clean_stem,-2.248211556029627,0.13474450369870558,432,1.3001609444618225
0.01,0.1,poly,char,"(2, 6)",rmstop_clean_stem,-2.255035420806156,0.1377632253642642,441,1.4726155996322632
0.01,0.1,poly,char,"(4, 12)",rmstop_clean_stem,-2.2601670559959666,0.14021854600042788,468,2.6795491576194763
0.01,0.1,poly,char,"(6, 8)",rmstop_clean_stem,-2.259297449531083,0.13979142343212597,467,1.0468245148658752
0.01,0.15,linear,char,"(1, 5)",rmstop_clean_stem,-2.175993804636758,0.09930384911571953,313,1.3203020691871643
0.01,0.15,linear,char,"(2, 6)",rmstop_clean_stem,-2.1785540651636035,0.10040151613420971,315,1.4608514308929443
0.01,0.15,linear,char,"(4, 12)",rmstop_clean_stem,-2.2105837861289914,0.11292159405493463,345,2.6757336854934692
0.01,0.15,linear,char,"(6, 8)",rmstop_clean_stem,-2.204057146618866,0.11015709890265432,336,1.0234565734863281
0.01,0.15,rbf,char,"(1, 5)",rmstop_clean_stem,-2.221381117464929,0.11622326041059218,355,1.324090838432312
0.01,0.15,rbf,char,"(2, 6)",rmstop_clean_stem,-2.2267041313997336,0.11837838741956092,363,1.3866815567016602
0.01,0.15,rbf,char,"(4, 12)",rmstop_clean_stem,-2.2403686123582194,0.12412230072408945,401,2.7076528668403625
0.01,0.15,rbf,char,"(6, 8)",rmstop_clean_stem,-2.2378724469080775,0.12297528215653204,398,1.0351216197013855
0.01,0.15,poly,char,"(1, 5)",rmstop_clean_stem,-2.2406592071705504,0.12311317797079671,403,1.314625322818756
0.01,0.15,poly,char,"(2, 6)",rmstop_clean_stem,-2.247280670832189,0.12597050250242103,430,1.4062023758888245
0.01,0.15,poly,char,"(4, 12)",rmstop_clean_stem,-2.252258650432328,0.1282654515362078,437,2.6441141963005066
0.01,0.15,poly,char,"(6, 8)",rmstop_clean_stem,-2.2514192512338185,0.12786829896206342,436,1.0390319228172302
0.01,0.25,linear,char,"(1, 5)",rmstop_clean_stem,-2.1682044865033347,0.08162049036413997,304,1.3397949934005737
0.01,0.25,linear,char,"(2, 6)",rmstop_clean_stem,-2.1706139055955074,0.08239133299544894,306,1.4491841197013855
0.01,0.25,linear,char,"(4, 12)",rmstop_clean_stem,-2.200334638908246,0.09212385237528496,332,2.6171666383743286
0.01,0.25,linear,char,"(6, 8)",rmstop_clean_stem,-2.194356094021269,0.0898750708950944,324,1.0235320925712585
0.01,0.25,rbf,char,"(1, 5)",rmstop_clean_stem,-2.210449042149955,0.09497904271091454,343,1.353690505027771
0.01,0.25,rbf,char,"(2, 6)",rmstop_clean_stem,-2.21542500871684,0.09678313453411051,349,1.39719957113266
0.01,0.25,rbf,char,"(4, 12)",rmstop_clean_stem,-2.2281902168259116,0.10164897022033507,366,2.5593261122703552
0.01,0.25,rbf,char,"(6, 8)",rmstop_clean_stem,-2.2258761452256803,0.10067867274454857,362,1.0914308428764343
0.01,0.25,poly,char,"(1, 5)",rmstop_clean_stem,-2.2286143924407917,0.10093036077470602,369,1.3763002753257751
0.01,0.25,poly,char,"(2, 6)",rmstop_clean_stem,-2.234815051620086,0.1033719331113927,394,1.4946986436843872
0.01,0.25,poly,char,"(4, 12)",rmstop_clean_stem,-2.2394748717117143,0.10527465009503018,400,2.628770411014557
0.01,0.25,poly,char,"(6, 8)",rmstop_clean_stem,-2.2386944523547943,0.10494529987799561,399,1.0194113850593567
0.01,0.4,linear,char,"(1, 5)",rmstop_clean_stem,-2.1691232616476137,0.06678392088898975,305,1.3515296578407288
0.01,0.4,linear,char,"(2, 6)",rmstop_clean_stem,-2.1714729690902645,0.0671560043010308,307,1.4218257069587708
0.01,0.4,linear,char,"(4, 12)",rmstop_clean_stem,-2.1941121630202876,0.06951089546367795,323,2.597528636455536
0.01,0.4,linear,char,"(6, 8)",rmstop_clean_stem,-2.1904964957344815,0.06870345672942117,319,1.06634920835495
0.01,0.4,rbf,char,"(1, 5)",rmstop_clean_stem,-2.2016698329852895,0.07085277180707054,334,1.3084596991539001
0.01,0.4,rbf,char,"(2, 6)",rmstop_clean_stem,-2.2062856514318363,0.07179058525042428,339,1.4648061990737915
0.01,0.4,rbf,char,"(4, 12)",rmstop_clean_stem,-2.21763677208805,0.07423434974046575,352,2.6466864347457886
0.01,0.4,rbf,char,"(6, 8)",rmstop_clean_stem,-2.2156093226055265,0.07371118762839518,350,0.9921519756317139
0.01,0.4,poly,char,"(1, 5)",rmstop_clean_stem,-2.2182710495764555,0.07403369427793999,354,1.3264919519424438
0.01,0.4,poly,char,"(2, 6)",rmstop_clean_stem,-2.2238055170430266,0.07542238864267188,357,1.5045883655548096
0.01,0.4,poly,char,"(4, 12)",rmstop_clean_stem,-2.227959130165594,0.07643729061084992,365,2.6600987911224365
0.01,0.4,poly,char,"(6, 8)",rmstop_clean_stem,-2.2272707867233397,0.07625972825689971,364,1.0038157105445862
0.01,1.0,linear,char,"(1, 5)",rmstop_clean_stem,-2.100664256223304,0.05206681455795292,244,1.0078479647636414
0.01,1.0,linear,char,"(2, 6)",rmstop_clean_stem,-2.102439948789693,0.052205355438521305,248,1.0936280488967896
0.01,1.0,linear,char,"(4, 12)",rmstop_clean_stem,-2.119276688156492,0.0526677011385974,259,2.1249411702156067
0.01,1.0,linear,char,"(6, 8)",rmstop_clean_stem,-2.1168592068674656,0.05277091738469459,257,0.8359131813049316
0.01,1.0,rbf,char,"(1, 5)",rmstop_clean_stem,-2.123878701452293,0.05260120460011013,261,0.9804114103317261
0.01,1.0,rbf,char,"(2, 6)",rmstop_clean_stem,-2.1263612607814704,0.05265137051891487,263,1.0741586685180664
0.01,1.0,rbf,char,"(4, 12)",rmstop_clean_stem,-2.1325209998951236,0.05275197623570425,268,2.1834290623664856
0.01,1.0,rbf,char,"(6, 8)",rmstop_clean_stem,-2.1317304156389874,0.05276348816529871,265,0.8515971302986145
0.01,1.0,poly,char,"(1, 5)",rmstop_clean_stem,-2.134102530701746,0.05281914324530795,272,1.0585641860961914
0.01,1.0,poly,char,"(2, 6)",rmstop_clean_stem,-2.1365784845025453,0.05283388121200487,276,1.132789134979248
0.01,1.0,poly,char,"(4, 12)",rmstop_clean_stem,-2.138046005750221,0.052783070246784546,281,2.2929108142852783
0.01,1.0,poly,char,"(6, 8)",rmstop_clean_stem,-2.1378178477200165,0.05280519267822455,279,0.9140302538871765
0.001,0.01,linear,char,"(1, 5)",rmstop_clean_stem,-2.275519841124315,0.16340542222873217,518,1.3789847493171692
0.001,0.01,linear,char,"(2, 6)",rmstop_clean_stem,-2.275806690830919,0.16351077175658038,522,1.4107128977775574
0.001,0.01,linear,char,"(4, 12)",rmstop_clean_stem,-2.279618349199236,0.16519300556829467,541,2.683491289615631
0.001,0.01,linear,char,"(6, 8)",rmstop_clean_stem,-2.2788235531437047,0.16480410572528428,537,1.032094120979309
0.001,0.01,rbf,char,"(1, 5)",rmstop_clean_stem,-2.2808483585266504,0.16561047727971953,548,1.3242108225822449
0.001,0.01,rbf,char,"(2, 6)",rmstop_clean_stem,-2.2814571154639784,0.1658733779106609,555,1.429628610610962
0.001,0.01,rbf,char,"(4, 12)",rmstop_clean_stem,-2.2830062532598627,0.16658392640544145,563,2.6639310717582703
0.001,0.01,rbf,char,"(6, 8)",rmstop_clean_stem,-2.2827213718278587,0.1664403327651067,561,1.01554274559021
0.001,0.01,poly,char,"(1, 5)",rmstop_clean_stem,-2.282991387991123,0.16640947722879856,562,1.3241568803787231
0.001,0.01,poly,char,"(2, 6)",rmstop_clean_stem,-2.2837474265840516,0.16678412925939276,566,1.4179208278656006
0.001,0.01,poly,char,"(4, 12)",rmstop_clean_stem,-2.284291136989393,0.1670721716841274,570,2.632682144641876
0.001,0.01,poly,char,"(6, 8)",rmstop_clean_stem,-2.2841965404227134,0.16702114443741864,569,1.0781416296958923
0.001,0.025,linear,char,"(1, 5)",rmstop_clean_stem,-2.272469128106982,0.15973624501302375,505,1.3553061485290527
0.001,0.025,linear,char,"(2, 6)",rmstop_clean_stem,-2.272754060822245,0.15984174076283886,506,1.4101057648658752
0.001,0.025,linear,char,"(4, 12)",rmstop_clean_stem,-2.2765358291567015,0.16151290718354847,530,2.5859215259552
0.001,0.025,linear,char,"(6, 8)",rmstop_clean_stem,-2.275748817334011,0.1611262834046212,521,1.0585325956344604
0.001,0.025,rbf,char,"(1, 5)",rmstop_clean_stem,-2.2777563358775224,0.161928893081929,535,1.3477346301078796
0.001,0.025,rbf,char,"(2, 6)",rmstop_clean_stem,-2.2783606080262233,0.1621899542593307,536,1.433563768863678
0.001,0.025,rbf,char,"(4, 12)",rmstop_clean_stem,-2.2798979244934,0.16289444441410214,543,2.7069051265716553
0.001,0.025,rbf,char,"(6, 8)",rmstop_clean_stem,-2.279615599907469,0.16275196087791516,540,0.9959922432899475
0.001,0.025,poly,char,"(1, 5)",rmstop_clean_stem,-2.279884713214798,0.16272375061738895,542,1.3163222670555115
0.001,0.025,poly,char,"(2, 6)",rmstop_clean_stem,-2.280634985055521,0.16309455540130788,546,1.4101399779319763
0.001,0.025,poly,char,"(4, 12)",rmstop_clean_stem,-2.281174156566543,0.16337924976732415,551,2.605285882949829
0.001,0.025,poly,char,"(6, 8)",rmstop_clean_stem,-2.2810803377945463,0.1633289043699876,550,1.043311893939972
0.001,0.05,linear,char,"(1, 5)",rmstop_clean_stem,-2.267582504498314,0.1536253108702329,497,1.3983951210975647
0.001,0.05,linear,char,"(2, 6)",rmstop_clean_stem,-2.2678642187242213,0.15373087775706343,498,1.4843270182609558
0.001,0.05,linear,char,"(4, 12)",rmstop_clean_stem,-2.2715986747197436,0.1553777697925935,504,2.624835968017578
0.001,0.05,linear,char,"(6, 8)",rmstop_clean_stem,-2.2708217678998706,0.15499942749545761,502,0.9990229606628418
0.001,0.05,rbf,char,"(1, 5)",rmstop_clean_stem,-2.2728002103181364,0.15579519076909934,507,1.3515047430992126
0.001,0.05,rbf,char,"(2, 6)",rmstop_clean_stem,-2.273396932279321,0.1560529404310184,509,1.3983390927314758
0.001,0.05,rbf,char,"(4, 12)",rmstop_clean_stem,-2.2749149072158357,0.15674588554083466,515,2.6461710929870605
0.001,0.05,rbf,char,"(6, 8)",rmstop_clean_stem,-2.274636322481798,0.1566061358686387,513,1.0467711091041565
0.001,0.05,poly,char,"(1, 5)",rmstop_clean_stem,-2.274903875098289,0.1565824184720221,514,1.3467548489570618
0.001,0.05,poly,char,"(2, 6)",rmstop_clean_stem,-2.2756444754120766,0.15694643040966572,519,1.390226125717163
0.001,0.05,poly,char,"(4, 12)",rmstop_clean_stem,-2.276175999441832,0.15722532453998445,526,2.6599258184432983
0.001,0.05,poly,char,"(6, 8)",rmstop_clean_stem,-2.2760834921314848,0.15717615224424145,525,1.0574722290039062
0.001,0.1,linear,char,"(1, 5)",rmstop_clean_stem,-2.258555237712201,0.14145132874211497,456,1.3241595029830933
0.001,0.1,linear,char,"(2, 6)",rmstop_clean_stem,-2.258830429052778,0.14155627387646078,463,1.4256939888000488
0.001,0.1,linear,char,"(4, 12)",rmstop_clean_stem,-2.2624611018917533,0.14315790976339704,473,2.6561400294303894
0.001,0.1,linear,char,"(6, 8)",rmstop_clean_stem,-2.261712212987494,0.1427869752350825,472,0.9999678134918213
0.001,0.1,rbf,char,"(1, 5)",rmstop_clean_stem,-2.263631526060984,0.14356650932506845,474,1.2929243445396423
0.001,0.1,rbf,char,"(2, 6)",rmstop_clean_stem,-2.264212867386737,0.14381656360231967,476,1.441373586654663
0.001,0.1,rbf,char,"(4, 12)",rmstop_clean_stem,-2.2656912973230847,0.14448367131744777,483,2.636618971824646
0.001,0.1,rbf,char,"(6, 8)",rmstop_clean_stem,-2.265420456224669,0.14434968767645326,481,1.0430303812026978
0.001,0.1,poly,char,"(1, 5)",rmstop_clean_stem,-2.2656849085778883,0.14433493601791253,482,1.2967573404312134
0.001,0.1,poly,char,"(2, 6)",rmstop_clean_stem,-2.2664057144324046,0.14468407286971954,486,1.429251492023468
0.001,0.1,poly,char,"(4, 12)",rmstop_clean_stem,-2.266922233711216,0.14494955698606565,490,2.6530332565307617
0.001,0.1,poly,char,"(6, 8)",rmstop_clean_stem,-2.266831807501852,0.14490375257392496,489,1.056295096874237
0.001,0.15,linear,char,"(1, 5)",rmstop_clean_stem,-2.2505292284893805,0.1294122145256176,434,1.3749544024467468
0.001,0.15,linear,char,"(2, 6)",rmstop_clean_stem,-2.2507977865842443,0.12951524365484812,435,1.4490984082221985
0.001,0.15,linear,char,"(4, 12)",rmstop_clean_stem,-2.254324477718196,0.13105674388132843,440,2.68349426984787
0.001,0.15,linear,char,"(6, 8)",rmstop_clean_stem,-2.2536020362261757,0.1306983074586829,438,1.0155261158943176
0.001,0.15,rbf,char,"(1, 5)",rmstop_clean_stem,-2.2554609482316996,0.13145733249515923,442,1.3202810883522034
0.001,0.15,rbf,char,"(2, 6)",rmstop_clean_stem,-2.256026541391518,0.1316979052032696,443,1.3554587364196777
0.001,0.15,rbf,char,"(4, 12)",rmstop_clean_stem,-2.2574639776863163,0.132335071155823,450,2.640494167804718
0.001,0.15,rbf,char,"(6, 8)",rmstop_clean_stem,-2.257201542537227,0.13220690847794345,448,1.0078789591789246
0.001,0.15,poly,char,"(1, 5)",rmstop_clean_stem,-2.257462850019346,0.1322011601643536,449,1.3748785853385925
0.001,0.15,poly,char,"(2, 6)",rmstop_clean_stem,-2.258163343285485,0.1325331704062668,453,1.3823747634887695
0.001,0.15,poly,char,"(4, 12)",rmstop_clean_stem,-2.2586640933219067,0.13278418780610696,459,2.648378551006317
0.001,0.15,poly,char,"(6, 8)",rmstop_clean_stem,-2.2585761807780917,0.13274152198283554,457,1.0506768822669983
0.001,0.25,linear,char,"(1, 5)",rmstop_clean_stem,-2.2375085680824216,0.1062210714396618,396,1.3671734929084778
0.001,0.25,linear,char,"(2, 6)",rmstop_clean_stem,-2.2377635489134535,0.10631439541145365,397,1.3939825296401978
0.001,0.25,linear,char,"(4, 12)",rmstop_clean_stem,-2.2410755899914694,0.10768246566094311,405,2.653173506259918
0.001,0.25,linear,char,"(6, 8)",rmstop_clean_stem,-2.240407595550448,0.10735852187275716,402,0.9990928173065186
0.001,0.25,rbf,char,"(1, 5)",rmstop_clean_stem,-2.24214091226038,0.1080570456403507,407,1.3180898427963257
0.001,0.25,rbf,char,"(2, 6)",rmstop_clean_stem,-2.242672684119665,0.10827081919639707,408,1.4304723739624023
0.001,0.25,rbf,char,"(4, 12)",rmstop_clean_stem,-2.2440282710303743,0.10882696451426989,413,2.738100826740265
0.001,0.25,rbf,char,"(6, 8)",rmstop_clean_stem,-2.243787155617289,0.1087063754667323,412,1.0116313695907593
0.001,0.25,poly,char,"(1, 5)",rmstop_clean_stem,-2.24403955347102,0.10872299131306677,414,1.3045966029167175
0.001,0.25,poly,char,"(2, 6)",rmstop_clean_stem,-2.2446971629576975,0.10901289558969532,417,1.4374304413795471
0.001,0.25,poly,char,"(4, 12)",rmstop_clean_stem,-2.24516389148471,0.10922889032369779,421,2.6420493721961975
0.001,0.25,poly,char,"(6, 8)",rmstop_clean_stem,-2.2450816624992975,0.10919285506633139,420,1.0780619382858276
0.001,0.4,linear,char,"(1, 5)",rmstop_clean_stem,-2.2256348403376176,0.07696969400551835,360,1.3407055139541626
0.001,0.4,linear,char,"(2, 6)",rmstop_clean_stem,-2.2258687523318086,0.0770201439069814,361,1.4413200616836548
0.001,0.4,linear,char,"(4, 12)",rmstop_clean_stem,-2.2288273120853233,0.07787817979466564,370,2.6578858494758606
0.001,0.4,linear,char,"(6, 8)",rmstop_clean_stem,-2.228251131538623,0.07766448960708752,367,1.017274260520935
0.001,0.4,rbf,char,"(1, 5)",rmstop_clean_stem,-2.2298035055282157,0.07815830506952169,372,1.3319133520126343
0.001,0.4,rbf,char,"(2, 6)",rmstop_clean_stem,-2.230290747521486,0.07827565131400806,373,1.4999268054962158
0.001,0.4,rbf,char,"(4, 12)",rmstop_clean_stem,-2.2315243922353445,0.0786033213141988,377,2.609217047691345
0.001,0.4,rbf,char,"(6, 8)",rmstop_clean_stem,-2.231282695303745,0.07855243742477791,376,1.0202266573905945
0.001,0.4,poly,char,"(1, 5)",rmstop_clean_stem,-2.231530068058683,0.0785655864340744,378,1.3672019839286804
0.001,0.4,poly,char,"(2, 6)",rmstop_clean_stem,-2.2321209412363343,0.07876135238813914,383,1.4256998300552368
0.001,0.4,poly,char,"(4, 12)",rmstop_clean_stem,-2.232540044736785,0.07888773277644956,386,2.6561678647994995
0.001,0.4,poly,char,"(6, 8)",rmstop_clean_stem,-2.2324637483327687,0.07887008642462409,385,1.0390066504478455
0.001,1.0,linear,char,"(1, 5)",rmstop_clean_stem,-2.1354421934638816,0.052774677252192516,274,0.9999765157699585
0.001,1.0,linear,char,"(2, 6)",rmstop_clean_stem,-2.13562781676919,0.05278790042069277,275,1.0546180605888367
0.001,1.0,linear,char,"(4, 12)",rmstop_clean_stem,-2.137357583852399,0.052831511763302176,278,1.988242506980896
0.001,1.0,linear,char,"(6, 8)",rmstop_clean_stem,-2.1371091087039567,0.05283812304448782,277,0.8046250343322754
0.001,1.0,rbf,char,"(1, 5)",rmstop_clean_stem,-2.1378185000329384,0.05282019806654956,280,0.9335833191871643
0.001,1.0,rbf,char,"(2, 6)",rmstop_clean_stem,-2.1380667696267492,0.05282300429894029,282,1.0429469347000122
0.001,1.0,rbf,char,"(4, 12)",rmstop_clean_stem,-2.138706668025498,0.052835990949143125,287,1.9529759883880615
0.001,1.0,rbf,char,"(6, 8)",rmstop_clean_stem,-2.138619867987732,0.05283524544237094,285,0.8007528781890869
0.001,1.0,poly,char,"(1, 5)",rmstop_clean_stem,-2.138873623675358,0.05284298227620933,289,0.9725525379180908
0.001,1.0,poly,char,"(2, 6)",rmstop_clean_stem,-2.1391174065345564,0.052842977141696924,292,1.0471649169921875
0.001,1.0,poly,char,"(4, 12)",rmstop_clean_stem,-2.1392552161926144,0.05283734884384045,297,2.187876522541046
0.001,1.0,poly,char,"(6, 8)",rmstop_clean_stem,-2.1392290631139166,0.05283908808556328,295,0.8163800835609436
0.0003,0.01,linear,char,"(1, 5)",rmstop_clean_stem,-2.282219423823407,0.16636325031671284,559,1.3011803030967712
0.0003,0.01,linear,char,"(2, 6)",rmstop_clean_stem,-2.282313976125547,0.16639042078266086,560,1.3942765593528748
0.0003,0.01,linear,char,"(4, 12)",rmstop_clean_stem,-2.2834645361311003,0.16689874549466985,565,2.713347017765045
0.0003,0.01,linear,char,"(6, 8)",rmstop_clean_stem,-2.283224367209685,0.16678108305907088,564,0.9986057877540588
0.0003,0.01,rbf,char,"(1, 5)",rmstop_clean_stem,-2.283832752997484,0.1670255241624484,567,1.3122209906578064
0.0003,0.01,rbf,char,"(2, 6)",rmstop_clean_stem,-2.2840125266601348,0.16710646629618853,568,1.4335424900054932
0.0003,0.01,rbf,char,"(4, 12)",rmstop_clean_stem,-2.2844828264681345,0.16731829783964555,573,2.664296507835388
0.0003,0.01,rbf,char,"(6, 8)",rmstop_clean_stem,-2.284401189475533,0.16727306427897512,571,1.0274215340614319
0.0003,0.01,poly,char,"(1, 5)",rmstop_clean_stem,-2.284482808491694,0.16726271350496433,572,1.327850878238678
0.0003,0.01,poly,char,"(2, 6)",rmstop_clean_stem,-2.2847103326851634,0.1673758117150092,574,1.484324038028717
0.0003,0.01,poly,char,"(4, 12)",rmstop_clean_stem,-2.284872099212878,0.1674632048240156,576,2.6560990810394287
0.0003,0.01,poly,char,"(6, 8)",rmstop_clean_stem,-2.2848433528550185,0.1674479652278294,575,1.019489824771881
0.0003,0.025,linear,char,"(1, 5)",rmstop_clean_stem,-2.279114276790512,0.1626740868214147,538,1.3476333618164062
0.0003,0.025,linear,char,"(2, 6)",rmstop_clean_stem,-2.2792088263736323,0.1627011435478459,539,1.40619295835495
0.0003,0.025,linear,char,"(4, 12)",rmstop_clean_stem,-2.2803506611542232,0.1632060541832764,545,2.6171796321868896
0.0003,0.025,linear,char,"(6, 8)",rmstop_clean_stem,-2.280112703002069,0.16308916105146684,544,1.000045120716095
0.0003,0.025,rbf,char,"(1, 5)",rmstop_clean_stem,-2.2807161121331974,0.16333201087959326,547,1.3201947212219238
0.0003,0.025,rbf,char,"(2, 6)",rmstop_clean_stem,-2.2808943207058983,0.16341245927860606,549,1.38663911819458
0.0003,0.025,rbf,char,"(4, 12)",rmstop_clean_stem,-2.281363935647276,0.16362107448207866,554,2.589765727519989
0.0003,0.025,rbf,char,"(6, 8)",rmstop_clean_stem,-2.2812808725456786,0.1635773178580948,552,1.062457025051117
0.0003,0.025,poly,char,"(1, 5)",rmstop_clean_stem,-2.281362390431555,0.16356756256859992,553,1.331977128982544
0.0003,0.025,poly,char,"(2, 6)",rmstop_clean_stem,-2.281587928402526,0.16367990235572105,556,1.4412909746170044
0.0003,0.025,poly,char,"(4, 12)",rmstop_clean_stem,-2.281748332066235,0.16376612474539678,558,2.6942954063415527
0.0003,0.025,poly,char,"(6, 8)",rmstop_clean_stem,-2.281719789260755,0.16375110288915737,557,1.0205186605453491
0.0003,0.05,linear,char,"(1, 5)",rmstop_clean_stem,-2.274136073124452,0.15652707606728494,511,1.3468083143234253
0.0003,0.05,linear,char,"(2, 6)",rmstop_clean_stem,-2.2742306084908557,0.15655395249854118,512,1.4114141464233398
0.0003,0.05,linear,char,"(4, 12)",rmstop_clean_stem,-2.2753577581058377,0.15705270282167128,517,2.6046890020370483
0.0003,0.05,linear,char,"(6, 8)",rmstop_clean_stem,-2.2751245760095937,0.15693568148021747,516,1.077313482761383
0.0003,0.05,rbf,char,"(1, 5)",rmstop_clean_stem,-2.2757185541555387,0.15717716040946914,520,1.3581605553627014
0.0003,0.05,rbf,char,"(2, 6)",rmstop_clean_stem,-2.275894132690521,0.1572566881139933,523,1.418407142162323
0.0003,0.05,rbf,char,"(4, 12)",rmstop_clean_stem,-2.2763586608518978,0.15746178811251876,529,2.7108108401298523
0.0003,0.05,rbf,char,"(6, 8)",rmstop_clean_stem,-2.276277115207158,0.15741853838666198,527,1.0234161615371704
0.0003,0.05,poly,char,"(1, 5)",rmstop_clean_stem,-2.2763584608905814,0.15740977996042022,528,1.2812424302101135
0.0003,0.05,poly,char,"(2, 6)",rmstop_clean_stem,-2.2765806723024804,0.15752075514744743,531,1.4842734336853027
0.0003,0.05,poly,char,"(4, 12)",rmstop_clean_stem,-2.276738760588664,0.15760496498030332,533,2.6045260429382324
0.0003,0.05,poly,char,"(6, 8)",rmstop_clean_stem,-2.2767105661823885,0.157590308489403,532,1.0546603202819824
0.0003,0.1,linear,char,"(1, 5)",rmstop_clean_stem,-2.2649224753270416,0.144268861004792,479,1.3499024510383606
0.0003,0.1,linear,char,"(2, 6)",rmstop_clean_stem,-2.2650169453602667,0.14429541395054268,480,1.4040300846099854
0.0003,0.1,linear,char,"(4, 12)",rmstop_clean_stem,-2.2661141940068186,0.14477979255310056,485,2.652306854724884
0.0003,0.1,linear,char,"(6, 8)",rmstop_clean_stem,-2.265890849350379,0.14466250740328906,484,1.0429972410202026
0.0003,0.1,rbf,char,"(1, 5)",rmstop_clean_stem,-2.2664655132904308,0.1449006889829746,487,1.3162601590156555
0.0003,0.1,rbf,char,"(2, 6)",rmstop_clean_stem,-2.2666357522898313,0.1449779493746044,488,1.4335674047470093
0.0003,0.1,rbf,char,"(4, 12)",rmstop_clean_stem,-2.267089871979504,0.1451753741089543,492,2.620923101902008
0.0003,0.1,rbf,char,"(6, 8)",rmstop_clean_stem,-2.2670114048726058,0.14513331039953484,491,1.0390275120735168
0.0003,0.1,poly,char,"(1, 5)",rmstop_clean_stem,-2.2670923929342717,0.14512655782146924,493,1.3163577914237976
0.0003,0.1,poly,char,"(2, 6)",rmstop_clean_stem,-2.267303818108456,0.1452360996626651,494,1.3983546495437622
0.0003,0.1,poly,char,"(4, 12)",rmstop_clean_stem,-2.2674612827308316,0.14531421963542843,496,2.683558702468872
0.0003,0.1,poly,char,"(6, 8)",rmstop_clean_stem,-2.267433678351641,0.14530039130203243,495,1.015622079372406
0.0003,0.15,linear,char,"(1, 5)",rmstop_clean_stem,-2.256705991073802,0.13212536553561244,445,1.2811925411224365
0.0003,0.15,linear,char,"(2, 6)",rmstop_clean_stem,-2.2568003455793804,0.13215164798748794,447,1.4569798707962036
0.0003,0.15,linear,char,"(4, 12)",rmstop_clean_stem,-2.2578669980639234,0.13261823946793766,452,2.6977434158325195
0.0003,0.15,linear,char,"(6, 8)",rmstop_clean_stem,-2.2576524679955727,0.13250283691578682,451,1.0039039254188538
0.0003,0.15,rbf,char,"(1, 5)",rmstop_clean_stem,-2.2582086226123446,0.13273463934593138,454,1.2812526226043701
0.0003,0.15,rbf,char,"(2, 6)",rmstop_clean_stem,-2.2583734188066176,0.13280892583971662,455,1.4261260032653809
0.0003,0.15,rbf,char,"(4, 12)",rmstop_clean_stem,-2.258816819007224,0.13299761042396874,461,2.7115718722343445
0.0003,0.15,rbf,char,"(6, 8)",rmstop_clean_stem,-2.2587413761801036,0.13295705376449535,460,1.0633293390274048
0.0003,0.15,poly,char,"(1, 5)",rmstop_clean_stem,-2.2588222129624884,0.13295229486035276,462,1.3007107377052307
0.0003,0.15,poly,char,"(2, 6)",rmstop_clean_stem,-2.259026194451308,0.1330580125269353,464,1.4760383367538452
0.0003,0.15,poly,char,"(4, 12)",rmstop_clean_stem,-2.2591792499859356,0.13313125290299324,466,2.6318992376327515
0.0003,0.15,poly,char,"(6, 8)",rmstop_clean_stem,-2.259152353179849,0.1331182638463195,465,1.0733529329299927
0.0003,0.25,linear,char,"(1, 5)",rmstop_clean_stem,-2.2432924016966775,0.10863554019975552,409,1.3522257208824158
0.0003,0.25,linear,char,"(2, 6)",rmstop_clean_stem,-2.2433863704478108,0.1086614374809888,410,1.4413607120513916
0.0003,0.25,linear,char,"(4, 12)",rmstop_clean_stem,-2.2443898124349864,0.10907725598659744,416,2.742043435573578
0.0003,0.25,linear,char,"(6, 8)",rmstop_clean_stem,-2.2441933599388966,0.10896789840078729,415,1.0350655913352966
0.0003,0.25,rbf,char,"(1, 5)",rmstop_clean_stem,-2.2447114182330026,0.10918052398801248,418,1.2851117849349976
0.0003,0.25,rbf,char,"(2, 6)",rmstop_clean_stem,-2.2448681532424253,0.10924543743024498,419,1.390561819076538
0.0003,0.25,rbf,char,"(4, 12)",rmstop_clean_stem,-2.2452860759262716,0.10941225761937705,423,2.6343018412590027
0.0003,0.25,rbf,char,"(6, 8)",rmstop_clean_stem,-2.245217046485724,0.10937588670019974,422,1.0234065055847168
0.0003,0.25,poly,char,"(1, 5)",rmstop_clean_stem,-2.245288938993641,0.10937839470705342,424,1.3241087794303894
0.0003,0.25,poly,char,"(2, 6)",rmstop_clean_stem,-2.2454856107187693,0.10947003562891408,426,1.4804094433784485
0.0003,0.25,poly,char,"(4, 12)",rmstop_clean_stem,-2.2456298802426846,0.10953147598592312,428,2.7116966247558594
0.0003,0.25,poly,char,"(6, 8)",rmstop_clean_stem,-2.2456045254414696,0.10952040709919596,427,1.0290687084197998
0.0003,0.4,linear,char,"(1, 5)",rmstop_clean_stem,-2.2308034244062735,0.07850621589899522,374,1.3410708904266357
0.0003,0.4,linear,char,"(2, 6)",rmstop_clean_stem,-2.230888783470357,0.0785278033794863,375,1.4812491536140442
0.0003,0.4,linear,char,"(4, 12)",rmstop_clean_stem,-2.231809137736853,0.07877854260734961,380,2.570072114467621
0.0003,0.4,linear,char,"(6, 8)",rmstop_clean_stem,-2.2316298786922304,0.07870947631353324,379,1.0233520865440369
0.0003,0.4,rbf,char,"(1, 5)",rmstop_clean_stem,-2.232085946757477,0.07886015139633873,382,1.3046265244483948
0.0003,0.4,rbf,char,"(2, 6)",rmstop_clean_stem,-2.2322373307252263,0.07890431165238569,384,1.4843215942382812
0.0003,0.4,rbf,char,"(4, 12)",rmstop_clean_stem,-2.2326109489313395,0.07900719183613487,388,2.609383523464203
0.0003,0.4,rbf,char,"(6, 8)",rmstop_clean_stem,-2.2325506351382396,0.07898526354475867,387,1.0116814970970154
0.0003,0.4,poly,char,"(1, 5)",rmstop_clean_stem,-2.232619012809291,0.07899271729238155,389,1.3331882953643799
0.0003,0.4,poly,char,"(2, 6)",rmstop_clean_stem,-2.2327950023870846,0.07905138138692974,390,1.460953414440155
0.0003,0.4,poly,char,"(4, 12)",rmstop_clean_stem,-2.2329241396398407,0.07908731728591215,392,2.6600374579429626
0.0003,0.4,poly,char,"(6, 8)",rmstop_clean_stem,-2.2329011047379415,0.07908036741838846,391,1.0078362226486206
0.0003,1.0,linear,char,"(1, 5)",rmstop_clean_stem,-2.1381897892617703,0.052819983577043865,283,0.9640217423439026
0.0003,1.0,linear,char,"(2, 6)",rmstop_clean_stem,-2.138238673166671,0.05282338466712457,284,1.0429542660713196
0.0003,1.0,linear,char,"(4, 12)",rmstop_clean_stem,-2.1387630150395323,0.052837090711051665,288,1.9635069370269775
0.0003,1.0,linear,char,"(6, 8)",rmstop_clean_stem,-2.1386871144612956,0.05283756996825619,286,0.8242119550704956
0.0003,1.0,rbf,char,"(1, 5)",rmstop_clean_stem,-2.138897889248118,0.05283517418186223,290,0.9662404656410217
0.0003,1.0,rbf,char,"(2, 6)",rmstop_clean_stem,-2.1389803893008663,0.052838210715221205,291,1.0253244042396545
0.0003,1.0,rbf,char,"(4, 12)",rmstop_clean_stem,-2.139183099249462,0.052845043330744065,294,1.9757811427116394
0.0003,1.0,rbf,char,"(6, 8)",rmstop_clean_stem,-2.139157027875445,0.05284462399560957,293,0.796638011932373
0.0003,1.0,poly,char,"(1, 5)",rmstop_clean_stem,-2.1392325771364384,0.05284706371445648,296,0.9464970827102661
0.0003,1.0,poly,char,"(2, 6)",rmstop_clean_stem,-2.1393065103512905,0.05284699971917113,298,1.0229012966156006
0.0003,1.0,poly,char,"(4, 12)",rmstop_clean_stem,-2.13934810418124,0.05284523423652027,300,1.6969491243362427
0.0003,1.0,poly,char,"(6, 8)",rmstop_clean_stem,-2.139340724996842,0.05284576039217686,299,0.8098280429840088
