svr__C,svr__kernel,vect__analyzer,vect__ngram_range,vect__preprocessor,mean_test_score,std_test_score,rank_test_score,mean_fit_time
0.1,linear,char,"(2, 4)",<lambda>,-1.269300554404315,0.03789899078339236,317,2.925657272338867
0.1,linear,char,"(2, 4)",rmstop_clean_stem,-1.251300383850439,0.03633648284782536,283,2.6360921263694763
0.1,linear,char,"(2, 8)",<lambda>,-1.3614786578027973,0.04488417917724123,421,6.510462284088135
0.1,linear,char,"(2, 8)",rmstop_clean_stem,-1.3299303885461504,0.04302901180034679,405,5.635515928268433
0.1,linear,char,"(2, 12)",<lambda>,-1.4288131571251235,0.04813611773986643,462,10.667421877384186
0.1,linear,char,"(2, 12)",rmstop_clean_stem,-1.397528273797965,0.04492090281467351,441,8.814641118049622
0.1,linear,char,"(2, 16)",<lambda>,-1.4713707633404114,0.049710087694423304,480,14.683361113071442
0.1,linear,char,"(2, 16)",rmstop_clean_stem,-1.4403633951040908,0.047234760611871075,469,11.591353595256805
0.1,linear,char,"(4, 4)",<lambda>,-1.3067772837717857,0.04170772877287356,388,1.4745809435844421
0.1,linear,char,"(4, 4)",rmstop_clean_stem,-1.2774572557969595,0.03713837569404192,330,1.4508260488510132
0.1,linear,char,"(4, 8)",<lambda>,-1.3965151239369926,0.04686142743708992,440,5.377958118915558
0.1,linear,char,"(4, 8)",rmstop_clean_stem,-1.3641249570746292,0.04371338767992726,423,4.3144723773002625
0.1,linear,char,"(4, 12)",<lambda>,-1.4593116861937063,0.049913245846493606,473,9.204722106456757
0.1,linear,char,"(4, 12)",rmstop_clean_stem,-1.4295603657203464,0.04632725379208304,464,7.772745728492737
0.1,linear,char,"(4, 16)",<lambda>,-1.4999952344163008,0.0508109472689626,495,13.243426203727722
0.1,linear,char,"(4, 16)",rmstop_clean_stem,-1.4697967727123042,0.04945482569756847,477,10.603157222270966
0.1,linear,char,"(6, 8)",<lambda>,-1.4372486653536352,0.049304569719824026,467,3.4812819361686707
0.1,linear,char,"(6, 8)",rmstop_clean_stem,-1.4079126936313795,0.04538681365143262,448,2.893900752067566
0.1,linear,char,"(6, 12)",<lambda>,-1.4995676663051782,0.05152179269294777,493,7.473427832126617
0.1,linear,char,"(6, 12)",rmstop_clean_stem,-1.4712973557697482,0.0490682089788178,478,6.348926067352295
0.1,linear,char,"(6, 12)",<lambda>,-1.4995676663051782,0.05152179269294777,493,7.733972191810608
0.1,linear,char,"(6, 12)",rmstop_clean_stem,-1.4712973557697482,0.0490682089788178,478,6.217667758464813
0.1,linear,char,"(6, 16)",<lambda>,-1.5366784877108943,0.0528214364565413,507,11.33075761795044
0.1,linear,char,"(6, 16)",rmstop_clean_stem,-1.5109222313122042,0.05147292954577138,501,8.868241846561432
0.1,linear,char,"(8, 8)",<lambda>,-1.4865468625488187,0.047784283763126996,490,1.604610562324524
0.1,linear,char,"(8, 8)",rmstop_clean_stem,-1.4656682902966083,0.043877913945074114,475,1.4573270082473755
0.1,linear,char,"(8, 12)",<lambda>,-1.543312324220793,0.04994539436954537,510,5.563749015331268
0.1,linear,char,"(8, 12)",rmstop_clean_stem,-1.5202796008343629,0.04820432695325556,503,4.595249533653259
0.1,linear,char,"(8, 12)",<lambda>,-1.543312324220793,0.04994539436954537,510,5.506304144859314
0.1,linear,char,"(8, 12)",rmstop_clean_stem,-1.5202796008343629,0.04820432695325556,503,4.580069005489349
0.1,linear,char,"(8, 16)",<lambda>,-1.5756939157609955,0.05160846888617613,523,9.224441111087799
0.1,linear,char,"(8, 16)",rmstop_clean_stem,-1.5565447456046515,0.05075335713909855,516,7.449036657810211
0.1,linear,char_wb,"(2, 4)",<lambda>,-1.2537860352024994,0.031246117697372726,293,2.8151540756225586
0.1,linear,char_wb,"(2, 4)",rmstop_clean_stem,-1.2501982036403956,0.03251728533364273,282,2.5535738468170166
0.1,linear,char_wb,"(2, 8)",<lambda>,-1.284924921055074,0.03296267811785426,342,4.425243675708771
0.1,linear,char_wb,"(2, 8)",rmstop_clean_stem,-1.267835483444264,0.030136962797122427,314,3.6165621280670166
0.1,linear,char_wb,"(2, 12)",<lambda>,-1.3006497813311846,0.034329674476936314,375,5.045633256435394
0.1,linear,char_wb,"(2, 12)",rmstop_clean_stem,-1.2734220194836992,0.029785457212669276,323,3.9713919162750244
0.1,linear,char_wb,"(2, 16)",<lambda>,-1.305360892664139,0.03569193607168236,383,5.431719601154327
0.1,linear,char_wb,"(2, 16)",rmstop_clean_stem,-1.2750479749422967,0.029994452079685655,329,4.049659252166748
0.1,linear,char_wb,"(4, 4)",<lambda>,-1.2777208918253065,0.032799865159452525,331,1.207520604133606
0.1,linear,char_wb,"(4, 4)",rmstop_clean_stem,-1.2615216333732029,0.03050796060607864,307,1.1315117478370667
0.1,linear,char_wb,"(4, 8)",<lambda>,-1.3132182083623936,0.03439727005170154,394,2.8480597734451294
0.1,linear,char_wb,"(4, 8)",rmstop_clean_stem,-1.284015768763772,0.02931401750853737,340,2.2721704244613647
0.1,linear,char_wb,"(4, 12)",<lambda>,-1.3309025123399736,0.03505773842986125,406,3.369903326034546
0.1,linear,char_wb,"(4, 12)",rmstop_clean_stem,-1.2913292969433372,0.02795104262519341,356,2.5789575576782227
0.1,linear,char_wb,"(4, 16)",<lambda>,-1.3363430328999744,0.03577150755460977,411,3.5253345370292664
0.1,linear,char_wb,"(4, 16)",rmstop_clean_stem,-1.292764045577948,0.02736225584758372,364,2.617087960243225
0.1,linear,char_wb,"(6, 8)",<lambda>,-1.3393707438669185,0.034512299607648726,414,1.453076720237732
0.1,linear,char_wb,"(6, 8)",rmstop_clean_stem,-1.2926625939903302,0.031255797122238034,363,1.2264313101768494
0.1,linear,char_wb,"(6, 12)",<lambda>,-1.3657454945480318,0.03526666374125103,424,2.009067416191101
0.1,linear,char_wb,"(6, 12)",rmstop_clean_stem,-1.3048444192581614,0.028873813467524854,381,1.496548593044281
0.1,linear,char_wb,"(6, 12)",<lambda>,-1.3657454945480318,0.03526666374125103,424,2.0082006454467773
0.1,linear,char_wb,"(6, 12)",rmstop_clean_stem,-1.3048444192581614,0.028873813467524854,381,1.4618276357650757
0.1,linear,char_wb,"(6, 16)",<lambda>,-1.3733599700949815,0.03592319645648431,432,2.0914695858955383
0.1,linear,char_wb,"(6, 16)",rmstop_clean_stem,-1.3079184572161742,0.028834025801395494,391,1.4968351125717163
0.1,linear,char_wb,"(8, 8)",<lambda>,-1.3563664183036588,0.0387997926962887,420,0.5773794651031494
0.1,linear,char_wb,"(8, 8)",rmstop_clean_stem,-1.2874566025852803,0.04177544925586508,345,0.6391436457633972
0.1,linear,char_wb,"(8, 12)",<lambda>,-1.3998580010846926,0.03674437738239491,442,1.0624885559082031
0.1,linear,char_wb,"(8, 12)",rmstop_clean_stem,-1.3190431311046742,0.03948595908833749,397,0.8774470090866089
0.1,linear,char_wb,"(8, 12)",<lambda>,-1.3998580010846926,0.03674437738239491,442,1.056237518787384
0.1,linear,char_wb,"(8, 12)",rmstop_clean_stem,-1.3190431311046742,0.03948595908833749,397,0.8829483389854431
0.1,linear,char_wb,"(8, 16)",<lambda>,-1.4095383755382593,0.036937351276905984,451,1.1775145530700684
0.1,linear,char_wb,"(8, 16)",rmstop_clean_stem,-1.3236892565048852,0.039958573495659296,403,0.908454418182373
0.1,sigmoid,char,"(2, 4)",<lambda>,-1.2737106063184123,0.03730334787405228,325,3.325246751308441
0.1,sigmoid,char,"(2, 4)",rmstop_clean_stem,-1.2561390292930548,0.03571189615028659,299,2.905152678489685
0.1,sigmoid,char,"(2, 8)",<lambda>,-1.3659631678889883,0.04393931051192181,426,7.263388931751251
0.1,sigmoid,char,"(2, 8)",rmstop_clean_stem,-1.3346395137661389,0.04170191309250417,408,6.15262234210968
0.1,sigmoid,char,"(2, 12)",<lambda>,-1.4333405207324215,0.0481280339068094,465,11.61143559217453
0.1,sigmoid,char,"(2, 12)",rmstop_clean_stem,-1.402168466939474,0.04430926498048298,445,9.65062165260315
0.1,sigmoid,char,"(2, 16)",<lambda>,-1.4749882512092163,0.04916806483093968,482,15.97582322359085
0.1,sigmoid,char,"(2, 16)",rmstop_clean_stem,-1.4445372274096913,0.046860821836895855,472,12.822629809379578
0.1,sigmoid,char,"(4, 4)",<lambda>,-1.3100098761681485,0.04093529411048908,392,1.7281374335289001
0.1,sigmoid,char,"(4, 4)",rmstop_clean_stem,-1.2821432305560747,0.035770966023111854,337,1.650120496749878
0.1,sigmoid,char,"(4, 8)",<lambda>,-1.4006324377466675,0.04605395136308153,444,5.743289768695831
0.1,sigmoid,char,"(4, 8)",rmstop_clean_stem,-1.36887416276972,0.04298666198856638,427,4.812934875488281
0.1,sigmoid,char,"(4, 12)",<lambda>,-1.4635798479826898,0.04933698787490573,474,9.839011073112488
0.1,sigmoid,char,"(4, 12)",rmstop_clean_stem,-1.4342058667925572,0.04493769390045148,466,8.267775535583496
0.1,sigmoid,char,"(4, 16)",<lambda>,-1.5035680690472926,0.05009591408569808,498,13.985093116760254
0.1,sigmoid,char,"(4, 16)",rmstop_clean_stem,-1.4744566104689194,0.04868585125601526,481,11.426688134670258
0.1,sigmoid,char,"(6, 8)",<lambda>,-1.4405968485217229,0.0486650590835553,470,3.7901005148887634
0.1,sigmoid,char,"(6, 8)",rmstop_clean_stem,-1.4119107372527067,0.04427395736660586,452,3.159709632396698
0.1,sigmoid,char,"(6, 12)",<lambda>,-1.5025233696547229,0.05070130886569586,496,7.947568595409393
0.1,sigmoid,char,"(6, 12)",rmstop_clean_stem,-1.4754070592238928,0.0488111894977762,483,6.695037305355072
0.1,sigmoid,char,"(6, 12)",<lambda>,-1.5025233696547229,0.05070130886569586,496,8.163677275180817
0.1,sigmoid,char,"(6, 12)",rmstop_clean_stem,-1.4754070592238928,0.0488111894977762,483,6.6236613392829895
0.1,sigmoid,char,"(6, 16)",<lambda>,-1.5398875601517314,0.0525035454855708,508,12.276763260364532
0.1,sigmoid,char,"(6, 16)",rmstop_clean_stem,-1.5149706891034378,0.0510138186278443,502,9.682494819164276
0.1,sigmoid,char,"(8, 8)",<lambda>,-1.4865040554689957,0.0477610931939588,489,1.7178862690925598
0.1,sigmoid,char,"(8, 8)",rmstop_clean_stem,-1.4668235995783012,0.04362303752445948,476,1.5768541097640991
0.1,sigmoid,char,"(8, 12)",<lambda>,-1.543676486483,0.04986182860108404,512,5.800802648067474
0.1,sigmoid,char,"(8, 12)",rmstop_clean_stem,-1.5213619091980342,0.04821437514837035,505,4.806330680847168
0.1,sigmoid,char,"(8, 12)",<lambda>,-1.543676486483,0.04986182860108404,512,5.800645112991333
0.1,sigmoid,char,"(8, 12)",rmstop_clean_stem,-1.5213619091980342,0.04821437514837035,505,4.726400971412659
0.1,sigmoid,char,"(8, 16)",<lambda>,-1.5763252001455053,0.051815201091943174,525,9.779145658016205
0.1,sigmoid,char,"(8, 16)",rmstop_clean_stem,-1.5574327171752849,0.0504849138150405,520,7.91883111000061
0.1,sigmoid,char_wb,"(2, 4)",<lambda>,-1.2596974915138517,0.03075420270097519,305,2.926670789718628
0.1,sigmoid,char_wb,"(2, 4)",rmstop_clean_stem,-1.2581715552906734,0.032413834906009666,303,2.6823524236679077
0.1,sigmoid,char_wb,"(2, 8)",<lambda>,-1.2915075722122253,0.03297265711899962,358,4.8258331418037415
0.1,sigmoid,char_wb,"(2, 8)",rmstop_clean_stem,-1.2746732812140673,0.030278606864907794,328,3.9371342062950134
0.1,sigmoid,char_wb,"(2, 12)",<lambda>,-1.3062960779374184,0.03522324300495294,387,5.539243698120117
0.1,sigmoid,char_wb,"(2, 12)",rmstop_clean_stem,-1.2816418297048353,0.030428124281902703,335,4.337723672389984
0.1,sigmoid,char_wb,"(2, 16)",<lambda>,-1.3112521236736492,0.035874339044840366,393,5.743039846420288
0.1,sigmoid,char_wb,"(2, 16)",rmstop_clean_stem,-1.28313687862844,0.03004444191615358,339,4.161934912204742
0.1,sigmoid,char_wb,"(4, 4)",<lambda>,-1.2829264894724561,0.03268554970445751,338,1.2885393500328064
0.1,sigmoid,char_wb,"(4, 4)",rmstop_clean_stem,-1.2678373173339246,0.030336041160078573,315,1.2135224342346191
0.1,sigmoid,char_wb,"(4, 8)",<lambda>,-1.319063894265111,0.03438218981838464,399,3.0192707180976868
0.1,sigmoid,char_wb,"(4, 8)",rmstop_clean_stem,-1.2918813805230895,0.02842056601850932,360,2.4131389260292053
0.1,sigmoid,char_wb,"(4, 12)",<lambda>,-1.3368029172148275,0.03389951839068862,412,3.647555351257324
0.1,sigmoid,char_wb,"(4, 12)",rmstop_clean_stem,-1.3001931389095291,0.027445659552612887,374,2.7375780940055847
0.1,sigmoid,char_wb,"(4, 16)",<lambda>,-1.3431671868449848,0.03555721070279266,416,3.857100009918213
0.1,sigmoid,char_wb,"(4, 16)",rmstop_clean_stem,-1.3021041156153697,0.02724897390421869,378,2.832719624042511
0.1,sigmoid,char_wb,"(6, 8)",<lambda>,-1.3467248975081905,0.034125759091800226,417,1.6057794690132141
0.1,sigmoid,char_wb,"(6, 8)",rmstop_clean_stem,-1.3027381374219558,0.03176310094717894,379,1.2862365245819092
0.1,sigmoid,char_wb,"(6, 12)",<lambda>,-1.3732335271487717,0.0355047445619333,430,2.0754348635673523
0.1,sigmoid,char_wb,"(6, 12)",rmstop_clean_stem,-1.3174832435581265,0.030229930244296162,395,1.5590868592262268
0.1,sigmoid,char_wb,"(6, 12)",<lambda>,-1.3732335271487717,0.0355047445619333,430,2.1254777312278748
0.1,sigmoid,char_wb,"(6, 12)",rmstop_clean_stem,-1.3174832435581265,0.030229930244296162,395,1.5703518390655518
0.1,sigmoid,char_wb,"(6, 16)",<lambda>,-1.3814932343888315,0.03652116336592374,436,2.2815117835998535
0.1,sigmoid,char_wb,"(6, 16)",rmstop_clean_stem,-1.3206060015084613,0.030483616944297354,402,1.6273649334907532
0.1,sigmoid,char_wb,"(8, 8)",<lambda>,-1.36333708314147,0.038732569613228046,422,0.6591477394104004
0.1,sigmoid,char_wb,"(8, 8)",rmstop_clean_stem,-1.297998454380112,0.04270200865550673,370,0.730414092540741
0.1,sigmoid,char_wb,"(8, 12)",<lambda>,-1.4094983919636475,0.03683582697973698,449,1.3065435290336609
0.1,sigmoid,char_wb,"(8, 12)",rmstop_clean_stem,-1.3352598019484037,0.04003872217231039,409,1.0519866943359375
0.1,sigmoid,char_wb,"(8, 12)",<lambda>,-1.4094983919636475,0.03683582697973698,449,1.262033462524414
0.1,sigmoid,char_wb,"(8, 12)",rmstop_clean_stem,-1.3352598019484037,0.04003872217231039,409,1.0062260031700134
0.1,sigmoid,char_wb,"(8, 16)",<lambda>,-1.4198681454428685,0.03692302518278715,459,1.4203186631202698
0.1,sigmoid,char_wb,"(8, 16)",rmstop_clean_stem,-1.3398942965928753,0.03997817843699865,415,1.0734903812408447
1.0,linear,char,"(2, 4)",<lambda>,-1.0741852343240974,0.028517189047222648,5,3.1499577164649963
1.0,linear,char,"(2, 4)",rmstop_clean_stem,-1.076180093940843,0.03239319498956039,7,2.8316373229026794
1.0,linear,char,"(2, 8)",<lambda>,-1.0729965878808294,0.03057286331278134,3,6.861335635185242
1.0,linear,char,"(2, 8)",rmstop_clean_stem,-1.0700933663793628,0.030478887668269672,1,5.8914042711257935
1.0,linear,char,"(2, 12)",<lambda>,-1.0771695248205952,0.03080973525417384,8,11.136881589889526
1.0,linear,char,"(2, 12)",rmstop_clean_stem,-1.0716441654135553,0.030672108662934676,2,9.01840752363205
1.0,linear,char,"(2, 16)",<lambda>,-1.0843724407770565,0.03185818734608621,14,14.93042004108429
1.0,linear,char,"(2, 16)",rmstop_clean_stem,-1.0754700913148088,0.028801740893901244,6,11.481578767299652
1.0,linear,char,"(4, 4)",<lambda>,-1.0846974175758781,0.02873053168896745,15,1.4655784368515015
1.0,linear,char,"(4, 4)",rmstop_clean_stem,-1.0812172472439272,0.027091433629353196,10,1.4665799140930176
1.0,linear,char,"(4, 8)",<lambda>,-1.0879727474387533,0.029015092539151226,20,5.338211119174957
1.0,linear,char,"(4, 8)",rmstop_clean_stem,-1.0830328626263472,0.02679697489496101,13,4.342007994651794
1.0,linear,char,"(4, 12)",<lambda>,-1.0964963675128763,0.031793963838414076,30,9.081597924232483
1.0,linear,char,"(4, 12)",rmstop_clean_stem,-1.089850912549462,0.02817492893393146,21,7.60919713973999
1.0,linear,char,"(4, 16)",<lambda>,-1.1038462596268455,0.03145603612904731,39,13.001830875873566
1.0,linear,char,"(4, 16)",rmstop_clean_stem,-1.094122442204246,0.02637156019515194,27,10.56962364912033
1.0,linear,char,"(6, 8)",<lambda>,-1.1078356781618033,0.030720267228695135,47,3.437270939350128
1.0,linear,char,"(6, 8)",rmstop_clean_stem,-1.1044405012010152,0.02561294244655497,41,2.9009013175964355
1.0,linear,char,"(6, 12)",<lambda>,-1.1266041441088384,0.034229379549303336,88,7.41575413942337
1.0,linear,char,"(6, 12)",rmstop_clean_stem,-1.1224582734793103,0.027333642768264072,76,6.086889207363129
1.0,linear,char,"(6, 12)",<lambda>,-1.1266041441088384,0.034229379549303336,88,7.507932186126709
1.0,linear,char,"(6, 12)",rmstop_clean_stem,-1.1224582734793103,0.027333642768264072,76,6.124338984489441
1.0,linear,char,"(6, 16)",<lambda>,-1.1391125451113022,0.03368591354930349,119,11.135693311691284
1.0,linear,char,"(6, 16)",rmstop_clean_stem,-1.1332697908184413,0.025752125298419033,103,8.686450481414795
1.0,linear,char,"(8, 8)",<lambda>,-1.1483357000452852,0.03746170292799208,130,1.547097086906433
1.0,linear,char,"(8, 8)",rmstop_clean_stem,-1.156397916244308,0.030060298039731363,148,1.475830852985382
1.0,linear,char,"(8, 12)",<lambda>,-1.1845807749459167,0.03590619593205719,184,5.496485233306885
1.0,linear,char,"(8, 12)",rmstop_clean_stem,-1.1876368118450897,0.029844636507948403,190,4.551523566246033
1.0,linear,char,"(8, 12)",<lambda>,-1.1845807749459167,0.03590619593205719,184,5.42675244808197
1.0,linear,char,"(8, 12)",rmstop_clean_stem,-1.1876368118450897,0.029844636507948403,190,4.541086912155151
1.0,linear,char,"(8, 16)",<lambda>,-1.207324972212674,0.03702475209069269,235,9.342226445674896
1.0,linear,char,"(8, 16)",rmstop_clean_stem,-1.2045751052864315,0.02699346386577708,234,7.636952579021454
1.0,linear,char_wb,"(2, 4)",<lambda>,-1.073167205423903,0.02993400720279966,4,2.8951433897018433
1.0,linear,char_wb,"(2, 4)",rmstop_clean_stem,-1.1002577676300302,0.03491915369968408,33,2.521788001060486
1.0,linear,char_wb,"(2, 8)",<lambda>,-1.0824895434081698,0.03769006663560479,12,4.414640247821808
1.0,linear,char_wb,"(2, 8)",rmstop_clean_stem,-1.1066802279088264,0.03224997929066005,45,3.6323161125183105
1.0,linear,char_wb,"(2, 12)",<lambda>,-1.0910517180530173,0.03866047813044666,22,5.04988420009613
1.0,linear,char_wb,"(2, 12)",rmstop_clean_stem,-1.1114069848382702,0.03161929290764725,52,3.9588895440101624
1.0,linear,char_wb,"(2, 16)",<lambda>,-1.0930813406968998,0.03847349782815771,24,5.059886455535889
1.0,linear,char_wb,"(2, 16)",rmstop_clean_stem,-1.112140464646962,0.031398048337598065,54,3.8468639254570007
1.0,linear,char_wb,"(4, 4)",<lambda>,-1.0873784497765622,0.03733363177758385,19,1.1795152425765991
1.0,linear,char_wb,"(4, 4)",rmstop_clean_stem,-1.109722183532556,0.028902710411467802,50,1.0967464447021484
1.0,linear,char_wb,"(4, 8)",<lambda>,-1.108213986611804,0.044574206133299786,48,2.711609363555908
1.0,linear,char_wb,"(4, 8)",rmstop_clean_stem,-1.1180984473880957,0.03330137049694466,67,2.2009947896003723
1.0,linear,char_wb,"(4, 12)",<lambda>,-1.1191177122938463,0.04613790839423209,69,3.2739298939704895
1.0,linear,char_wb,"(4, 12)",rmstop_clean_stem,-1.1234758453236258,0.033103268507206976,78,2.4911089539527893
1.0,linear,char_wb,"(4, 16)",<lambda>,-1.1222408044135004,0.0466619754966217,75,3.48473197221756
1.0,linear,char_wb,"(4, 16)",rmstop_clean_stem,-1.124618761507671,0.03315099685587795,80,2.6381426453590393
1.0,linear,char_wb,"(6, 8)",<lambda>,-1.1197415993798063,0.043274276252471294,73,1.495827555656433
1.0,linear,char_wb,"(6, 8)",rmstop_clean_stem,-1.1196508818062247,0.03324336341795478,71,1.2100219130516052
1.0,linear,char_wb,"(6, 12)",<lambda>,-1.136556593752319,0.043641061399045264,114,1.9069284200668335
1.0,linear,char_wb,"(6, 12)",rmstop_clean_stem,-1.128537516597498,0.030576663163870994,92,1.4565774202346802
1.0,linear,char_wb,"(6, 12)",<lambda>,-1.136556593752319,0.043641061399045264,114,1.929806113243103
1.0,linear,char_wb,"(6, 12)",rmstop_clean_stem,-1.128537516597498,0.030576663163870994,92,1.446570098400116
1.0,linear,char_wb,"(6, 16)",<lambda>,-1.1402073236957615,0.04214094420405103,120,2.042965888977051
1.0,linear,char_wb,"(6, 16)",rmstop_clean_stem,-1.1299586880643122,0.03034197797603358,95,1.47658109664917
1.0,linear,char_wb,"(8, 8)",<lambda>,-1.1145592339569677,0.03879885722070437,61,0.607136070728302
1.0,linear,char_wb,"(8, 8)",rmstop_clean_stem,-1.1181222061355949,0.03799547940722972,68,0.6473954319953918
1.0,linear,char_wb,"(8, 12)",<lambda>,-1.148798859298042,0.03672533831822441,131,1.0592381358146667
1.0,linear,char_wb,"(8, 12)",rmstop_clean_stem,-1.1354971067676682,0.030736175880429432,107,0.8661941885948181
1.0,linear,char_wb,"(8, 12)",<lambda>,-1.148798859298042,0.03672533831822441,131,1.0534864664077759
1.0,linear,char_wb,"(8, 12)",rmstop_clean_stem,-1.1354971067676682,0.030736175880429432,107,0.885948657989502
1.0,linear,char_wb,"(8, 16)",<lambda>,-1.1543942550984614,0.03504249896642676,145,1.2072710394859314
1.0,linear,char_wb,"(8, 16)",rmstop_clean_stem,-1.138906394212121,0.030375733874238763,118,0.9424617886543274
1.0,sigmoid,char,"(2, 4)",<lambda>,-1.0932955282893884,0.02598661996611864,26,3.392262279987335
1.0,sigmoid,char,"(2, 4)",rmstop_clean_stem,-1.0987679407544277,0.02986178094434309,31,3.046684205532074
1.0,sigmoid,char,"(2, 8)",<lambda>,-1.0862806809506815,0.030408764082515697,17,7.47968053817749
1.0,sigmoid,char,"(2, 8)",rmstop_clean_stem,-1.0801819054669028,0.02740369207243821,9,6.331671595573425
1.0,sigmoid,char,"(2, 12)",<lambda>,-1.087032461510383,0.03312648002417394,18,11.659017562866211
1.0,sigmoid,char,"(2, 12)",rmstop_clean_stem,-1.082354561613907,0.02950782225585404,11,9.671999752521515
1.0,sigmoid,char,"(2, 16)",<lambda>,-1.0931760335317828,0.032890394212762665,25,15.579378008842468
1.0,sigmoid,char,"(2, 16)",rmstop_clean_stem,-1.0850256945896062,0.029837403574800157,16,12.171982765197754
1.0,sigmoid,char,"(4, 4)",<lambda>,-1.1067383671196278,0.030448567144747536,46,1.6553717255592346
1.0,sigmoid,char,"(4, 4)",rmstop_clean_stem,-1.101126585745314,0.024415122024739954,35,1.6076109409332275
1.0,sigmoid,char,"(4, 8)",<lambda>,-1.1004064941664904,0.029909475751615452,34,5.723036050796509
1.0,sigmoid,char,"(4, 8)",rmstop_clean_stem,-1.0950069982546256,0.02445641865210417,29,4.740337371826172
1.0,sigmoid,char,"(4, 12)",<lambda>,-1.1062297625921098,0.03256095871384469,44,9.634864330291748
1.0,sigmoid,char,"(4, 12)",rmstop_clean_stem,-1.1021574111095314,0.027988476126441106,37,7.974512219429016
1.0,sigmoid,char,"(4, 16)",<lambda>,-1.1127583274757393,0.0322039177099649,57,13.843077540397644
1.0,sigmoid,char,"(4, 16)",rmstop_clean_stem,-1.1053725790046174,0.02806688278872867,43,11.135501086711884
1.0,sigmoid,char,"(6, 8)",<lambda>,-1.1197165937962397,0.03183360079320632,72,3.7263365983963013
1.0,sigmoid,char,"(6, 8)",rmstop_clean_stem,-1.1168738666655647,0.024606344280678573,62,3.1627102494239807
1.0,sigmoid,char,"(6, 12)",<lambda>,-1.1364627755823933,0.03481682768867536,112,7.740552306175232
1.0,sigmoid,char,"(6, 12)",rmstop_clean_stem,-1.1360798686242142,0.02881503993132691,110,6.44051468372345
1.0,sigmoid,char,"(6, 12)",<lambda>,-1.1364627755823933,0.03481682768867536,112,7.976020395755768
1.0,sigmoid,char,"(6, 12)",rmstop_clean_stem,-1.1360798686242142,0.02881503993132691,110,6.663795709609985
1.0,sigmoid,char,"(6, 16)",<lambda>,-1.1469371543207656,0.03399137773864044,129,12.418681919574738
1.0,sigmoid,char,"(6, 16)",rmstop_clean_stem,-1.143655077054613,0.02804547026143369,125,9.774352312088013
1.0,sigmoid,char,"(8, 8)",<lambda>,-1.1605196292658162,0.03752600058666194,151,1.7423909902572632
1.0,sigmoid,char,"(8, 8)",rmstop_clean_stem,-1.1746121601108976,0.030113394960574726,171,1.6058606505393982
1.0,sigmoid,char,"(8, 12)",<lambda>,-1.1927712159064852,0.035189307393440374,203,5.836810886859894
1.0,sigmoid,char,"(8, 12)",rmstop_clean_stem,-1.2000411550970806,0.03152363625783773,221,4.887347459793091
1.0,sigmoid,char,"(8, 12)",<lambda>,-1.1927712159064852,0.035189307393440374,203,6.034358441829681
1.0,sigmoid,char,"(8, 12)",rmstop_clean_stem,-1.2000411550970806,0.03152363625783773,221,5.046387732028961
1.0,sigmoid,char,"(8, 16)",<lambda>,-1.2144709093454717,0.03854537056623584,249,10.28252923488617
1.0,sigmoid,char,"(8, 16)",rmstop_clean_stem,-1.2139803765610975,0.0311043271506423,245,8.379545509815216
1.0,sigmoid,char_wb,"(2, 4)",<lambda>,-1.0947925978785218,0.029349889118159663,28,3.198209047317505
1.0,sigmoid,char_wb,"(2, 4)",rmstop_clean_stem,-1.1614816731437225,0.02973162100518624,155,2.8258801698684692
1.0,sigmoid,char_wb,"(2, 8)",<lambda>,-1.113396493452817,0.038181064854817925,59,4.973867237567902
1.0,sigmoid,char_wb,"(2, 8)",rmstop_clean_stem,-1.1819894872075853,0.0264225722681735,182,4.0861674547195435
1.0,sigmoid,char_wb,"(2, 12)",<lambda>,-1.1277636610047266,0.03896982650188132,91,5.557748198509216
1.0,sigmoid,char_wb,"(2, 12)",rmstop_clean_stem,-1.1979516467828946,0.02723972450839634,217,4.443248152732849
1.0,sigmoid,char_wb,"(2, 16)",<lambda>,-1.1288188326312465,0.038729274946288895,94,5.764294266700745
1.0,sigmoid,char_wb,"(2, 16)",rmstop_clean_stem,-1.1978386576071982,0.02510983565779474,216,4.409740090370178
1.0,sigmoid,char_wb,"(4, 4)",<lambda>,-1.1178233254192798,0.037019276624550845,64,1.3408018350601196
1.0,sigmoid,char_wb,"(4, 4)",rmstop_clean_stem,-1.1780336440039147,0.026821723340309578,177,1.2760373950004578
1.0,sigmoid,char_wb,"(4, 8)",<lambda>,-1.1449268077234087,0.045563049726934236,126,3.1069688200950623
1.0,sigmoid,char_wb,"(4, 8)",rmstop_clean_stem,-1.2144372133350338,0.029969442256404962,248,2.4855597019195557
1.0,sigmoid,char_wb,"(4, 12)",<lambda>,-1.1650543873243462,0.0480323926888834,161,3.743412435054779
1.0,sigmoid,char_wb,"(4, 12)",rmstop_clean_stem,-1.2398904861499027,0.027002358561609794,272,2.839883029460907
1.0,sigmoid,char_wb,"(4, 16)",<lambda>,-1.1665909164063994,0.04773834772245519,162,3.8627845644950867
1.0,sigmoid,char_wb,"(4, 16)",rmstop_clean_stem,-1.2410795460436483,0.026921628226192987,273,2.8896104097366333
1.0,sigmoid,char_wb,"(6, 8)",<lambda>,-1.1637428117079347,0.039757019519899,160,1.5812861919403076
1.0,sigmoid,char_wb,"(6, 8)",rmstop_clean_stem,-1.2441782555049619,0.02764069511912527,279,1.3160468935966492
1.0,sigmoid,char_wb,"(6, 12)",<lambda>,-1.1948945046587343,0.04199176047413096,208,2.1535311341285706
1.0,sigmoid,char_wb,"(6, 12)",rmstop_clean_stem,-1.2975942295391416,0.02195919595220491,368,1.618692398071289
1.0,sigmoid,char_wb,"(6, 12)",<lambda>,-1.1948945046587343,0.04199176047413096,208,2.1778271794319153
1.0,sigmoid,char_wb,"(6, 12)",rmstop_clean_stem,-1.2975942295391416,0.02195919595220491,368,1.6248651146888733
1.0,sigmoid,char_wb,"(6, 16)",<lambda>,-1.197609795462041,0.04129829137131186,215,2.3150205612182617
1.0,sigmoid,char_wb,"(6, 16)",rmstop_clean_stem,-1.295530278029171,0.024052245516031485,365,1.6868776679039001
1.0,sigmoid,char_wb,"(8, 8)",<lambda>,-1.1530194880837463,0.03867017660950818,142,0.6856539249420166
1.0,sigmoid,char_wb,"(8, 8)",rmstop_clean_stem,-1.2105750591870121,0.03213833310479307,239,0.7156603336334229
1.0,sigmoid,char_wb,"(8, 12)",<lambda>,-1.2171973648962555,0.035407803153730454,250,1.206520915031433
1.0,sigmoid,char_wb,"(8, 12)",rmstop_clean_stem,-1.3058135554635892,0.024675838579042587,384,0.9907222390174866
1.0,sigmoid,char_wb,"(8, 12)",<lambda>,-1.2171973648962555,0.035407803153730454,250,1.1967689394950867
1.0,sigmoid,char_wb,"(8, 12)",rmstop_clean_stem,-1.3058135554635892,0.024675838579042587,384,0.9987245202064514
1.0,sigmoid,char_wb,"(8, 16)",<lambda>,-1.2241117354932767,0.03485089177811301,262,1.3177959322929382
1.0,sigmoid,char_wb,"(8, 16)",rmstop_clean_stem,-1.307786316827511,0.022882638367790083,390,1.0227291584014893
5.0,linear,char,"(2, 4)",<lambda>,-1.1263897351803454,0.03195613400261489,86,3.1782143115997314
5.0,linear,char,"(2, 4)",rmstop_clean_stem,-1.1381936373587132,0.016873550560091467,117,2.896400272846222
5.0,linear,char,"(2, 8)",<lambda>,-1.1123707455129135,0.035309211403730036,55,6.872793436050415
5.0,linear,char,"(2, 8)",rmstop_clean_stem,-1.1131525232673785,0.02216367911974155,58,5.839562177658081
5.0,linear,char,"(2, 12)",<lambda>,-1.1050193002233297,0.04323077245184045,42,10.814797699451447
5.0,linear,char,"(2, 12)",rmstop_clean_stem,-1.1017040752946765,0.03230308211164473,36,9.009423613548279
5.0,linear,char,"(2, 16)",<lambda>,-1.1042754684463296,0.048208261422086576,40,14.901187717914581
5.0,linear,char,"(2, 16)",rmstop_clean_stem,-1.0915894537052369,0.04109158121686392,23,11.638864636421204
5.0,linear,char,"(4, 4)",<lambda>,-1.1515860697619655,0.031226548564473752,138,1.6061102747917175
5.0,linear,char,"(4, 4)",rmstop_clean_stem,-1.1550783002668499,0.01287251548062588,147,1.6356173753738403
5.0,linear,char,"(4, 8)",<lambda>,-1.1202517316577856,0.035478587153753696,74,5.381457805633545
5.0,linear,char,"(4, 8)",rmstop_clean_stem,-1.1237143203708388,0.01705237067461907,79,4.424355983734131
5.0,linear,char,"(4, 12)",<lambda>,-1.1138996902979084,0.041285095261460965,60,8.951658487319946
5.0,linear,char,"(4, 12)",rmstop_clean_stem,-1.1098737931912799,0.02911598478170979,51,7.522088885307312
5.0,linear,char,"(4, 16)",<lambda>,-1.1124441726802774,0.04604030414952348,56,13.1746244430542
5.0,linear,char,"(4, 16)",rmstop_clean_stem,-1.0993320220165135,0.03479493552487725,32,10.50509124994278
5.0,linear,char,"(6, 8)",<lambda>,-1.1330096228119881,0.037155782594815855,102,3.5257831811904907
5.0,linear,char,"(6, 8)",rmstop_clean_stem,-1.1324728810051496,0.022741425374776105,98,2.9520281553268433
5.0,linear,char,"(6, 12)",<lambda>,-1.1325594627334776,0.041734672218865176,99,7.306911766529083
5.0,linear,char,"(6, 12)",rmstop_clean_stem,-1.1253379775095975,0.027845536111929598,83,5.851767718791962
5.0,linear,char,"(6, 12)",<lambda>,-1.1325594627334776,0.041734672218865176,99,7.326174020767212
5.0,linear,char,"(6, 12)",rmstop_clean_stem,-1.1253379775095975,0.027845536111929598,83,6.111373126506805
5.0,linear,char,"(6, 16)",<lambda>,-1.133848893356563,0.04431250443344751,106,11.153754711151123
5.0,linear,char,"(6, 16)",rmstop_clean_stem,-1.1196466094117787,0.031841529383625486,70,8.869241893291473
5.0,linear,char,"(8, 8)",<lambda>,-1.1633052839360634,0.045766466961848516,159,1.6361169815063477
5.0,linear,char,"(8, 8)",rmstop_clean_stem,-1.169676659837897,0.03007601648741637,164,1.6538710594177246
5.0,linear,char,"(8, 12)",<lambda>,-1.1770984691326958,0.04629355491426757,175,5.4502944350242615
5.0,linear,char,"(8, 12)",rmstop_clean_stem,-1.173474485851887,0.03126178881641856,167,4.476416051387787
5.0,linear,char,"(8, 12)",<lambda>,-1.1770984691326958,0.04629355491426757,175,5.46057403087616
5.0,linear,char,"(8, 12)",rmstop_clean_stem,-1.173474485851887,0.03126178881641856,167,4.562058329582214
5.0,linear,char,"(8, 16)",<lambda>,-1.1784724008857066,0.04676672086432228,178,9.330046534538269
5.0,linear,char,"(8, 16)",rmstop_clean_stem,-1.1714714851531562,0.03456759340224968,166,7.493097305297852
5.0,linear,char_wb,"(2, 4)",<lambda>,-1.1299734032306614,0.03405346674184559,96,2.9916300773620605
5.0,linear,char_wb,"(2, 4)",rmstop_clean_stem,-1.151411899448301,0.02919591369733451,137,2.594832479953766
5.0,linear,char_wb,"(2, 8)",<lambda>,-1.150213355156417,0.03206408315756758,134,4.479505836963654
5.0,linear,char_wb,"(2, 8)",rmstop_clean_stem,-1.170306700866337,0.03642956758195482,165,3.735338568687439
5.0,linear,char_wb,"(2, 12)",<lambda>,-1.160896508300926,0.03369385461895631,152,5.063387215137482
5.0,linear,char_wb,"(2, 12)",rmstop_clean_stem,-1.1788283916852993,0.03933080567509855,179,4.07866632938385
5.0,linear,char_wb,"(2, 16)",<lambda>,-1.162448326407051,0.03401019674279355,157,5.192316710948944
5.0,linear,char_wb,"(2, 16)",rmstop_clean_stem,-1.1791300632491133,0.03960552069347822,180,3.9516595602035522
5.0,linear,char_wb,"(4, 4)",<lambda>,-1.1527552023553547,0.03216863146286199,141,1.3230438828468323
5.0,linear,char_wb,"(4, 4)",rmstop_clean_stem,-1.1753289645211635,0.03049601799865091,172,1.251097023487091
5.0,linear,char_wb,"(4, 8)",<lambda>,-1.175554996568127,0.04049912391579637,174,3.068378210067749
5.0,linear,char_wb,"(4, 8)",rmstop_clean_stem,-1.1912806652106724,0.039675468526747075,199,2.563682198524475
5.0,linear,char_wb,"(4, 12)",<lambda>,-1.1844957530045481,0.04312354752339877,183,3.5271204113960266
5.0,linear,char_wb,"(4, 12)",rmstop_clean_stem,-1.1967770012121999,0.04358107681422106,213,2.7349833250045776
5.0,linear,char_wb,"(4, 16)",<lambda>,-1.1854816957926766,0.04333663303028753,187,3.7940924763679504
5.0,linear,char_wb,"(4, 16)",rmstop_clean_stem,-1.1972876908845353,0.04370164303773846,214,2.717360198497772
5.0,linear,char_wb,"(6, 8)",<lambda>,-1.1881492160180227,0.04243692779790837,194,1.5921074748039246
5.0,linear,char_wb,"(6, 8)",rmstop_clean_stem,-1.1988014729329293,0.04234782036583933,220,1.39381343126297
5.0,linear,char_wb,"(6, 12)",<lambda>,-1.2027756495865214,0.04748639088872254,229,2.1392309069633484
5.0,linear,char_wb,"(6, 12)",rmstop_clean_stem,-1.202042053556906,0.044683079414294585,226,1.65987890958786
5.0,linear,char_wb,"(6, 12)",<lambda>,-1.2027756495865214,0.04748639088872254,229,2.0122028589248657
5.0,linear,char_wb,"(6, 12)",rmstop_clean_stem,-1.202042053556906,0.044683079414294585,226,1.5565996766090393
5.0,linear,char_wb,"(6, 16)",<lambda>,-1.2040146107436531,0.047120717911019405,231,2.058212399482727
5.0,linear,char_wb,"(6, 16)",rmstop_clean_stem,-1.2016720303512127,0.044776456140951854,225,1.5641005039215088
5.0,linear,char_wb,"(8, 8)",<lambda>,-1.1902451320400527,0.03351746250437831,198,0.7161605358123779
5.0,linear,char_wb,"(8, 8)",rmstop_clean_stem,-1.2022198696143138,0.041412435344713346,228,0.7531692385673523
5.0,linear,char_wb,"(8, 12)",<lambda>,-1.2180625743616766,0.039801364009874815,252,1.1510080099105835
5.0,linear,char_wb,"(8, 12)",rmstop_clean_stem,-1.2128055975234586,0.0473600129829517,242,1.0254799127578735
5.0,linear,char_wb,"(8, 12)",<lambda>,-1.2180625743616766,0.039801364009874815,252,1.1024974584579468
5.0,linear,char_wb,"(8, 12)",rmstop_clean_stem,-1.2128055975234586,0.0473600129829517,242,0.9959732890129089
5.0,linear,char_wb,"(8, 16)",<lambda>,-1.2225012986267894,0.03768193356043456,258,1.257032334804535
5.0,linear,char_wb,"(8, 16)",rmstop_clean_stem,-1.212043734684746,0.04737165585675075,241,1.028980553150177
5.0,sigmoid,char,"(2, 4)",<lambda>,-1.4064764763374646,0.02192805343778381,447,3.9433860182762146
5.0,sigmoid,char,"(2, 4)",rmstop_clean_stem,-1.4816952168059252,0.02723077918847965,487,3.6335668563842773
5.0,sigmoid,char,"(2, 8)",<lambda>,-1.2141045875848464,0.044361667697214384,246,7.427683234214783
5.0,sigmoid,char,"(2, 8)",rmstop_clean_stem,-1.2535700103162228,0.017442427226800023,292,6.391502618789673
5.0,sigmoid,char,"(2, 12)",<lambda>,-1.1891248079971546,0.05129188707798673,195,11.554232478141785
5.0,sigmoid,char,"(2, 12)",rmstop_clean_stem,-1.2081406733964686,0.025642781154387055,236,9.637054860591888
5.0,sigmoid,char,"(2, 16)",<lambda>,-1.1893798441578247,0.0457434984801465,196,15.635478913784027
5.0,sigmoid,char,"(2, 16)",rmstop_clean_stem,-1.1877930592040153,0.024671490320262966,192,12.50230610370636
5.0,sigmoid,char,"(4, 4)",<lambda>,-1.3390549349619463,0.008535278012418353,413,2.15923410654068
5.0,sigmoid,char,"(4, 4)",rmstop_clean_stem,-1.3951543125898103,0.026437004624610305,439,2.109473407268524
5.0,sigmoid,char,"(4, 8)",<lambda>,-1.2220420237279328,0.037958546050486826,257,5.912578225135803
5.0,sigmoid,char,"(4, 8)",rmstop_clean_stem,-1.2671573539434557,0.02440109135215389,313,4.956938624382019
5.0,sigmoid,char,"(4, 12)",<lambda>,-1.1966682058496496,0.05343052863327167,211,9.515904664993286
5.0,sigmoid,char,"(4, 12)",rmstop_clean_stem,-1.218217700375037,0.03406312260534094,254,8.252159535884857
5.0,sigmoid,char,"(4, 16)",<lambda>,-1.175476536054331,0.05055088881378237,173,13.611058413982391
5.0,sigmoid,char,"(4, 16)",rmstop_clean_stem,-1.1941708454723785,0.021907034747892833,207,11.094492316246033
5.0,sigmoid,char,"(6, 8)",<lambda>,-1.2379803110368504,0.04267364482635241,268,3.801353693008423
5.0,sigmoid,char,"(6, 8)",rmstop_clean_stem,-1.2726084245220182,0.02681609095015073,322,3.3022415041923523
5.0,sigmoid,char,"(6, 12)",<lambda>,-1.2190438937878083,0.046699839357793586,255,7.822683215141296
5.0,sigmoid,char,"(6, 12)",rmstop_clean_stem,-1.223839397431435,0.032512542089405225,259,6.595409035682678
5.0,sigmoid,char,"(6, 12)",<lambda>,-1.2190438937878083,0.046699839357793586,255,7.8586331605911255
5.0,sigmoid,char,"(6, 12)",rmstop_clean_stem,-1.223839397431435,0.032512542089405225,259,6.653290688991547
5.0,sigmoid,char,"(6, 16)",<lambda>,-1.2111485017625623,0.04382716667263915,240,12.169699013233185
5.0,sigmoid,char,"(6, 16)",rmstop_clean_stem,-1.2085150093489587,0.021498161015420392,238,9.579658567905426
5.0,sigmoid,char,"(8, 8)",<lambda>,-1.2735585943973118,0.04300756600688796,324,1.791704773902893
5.0,sigmoid,char,"(8, 8)",rmstop_clean_stem,-1.3061835708292004,0.03755089436643513,386,1.9304333925247192
5.0,sigmoid,char,"(8, 12)",<lambda>,-1.2529855698211503,0.043761132772479255,287,6.014350950717926
5.0,sigmoid,char,"(8, 12)",rmstop_clean_stem,-1.2700237943317363,0.03756769310914556,318,5.157908499240875
5.0,sigmoid,char,"(8, 12)",<lambda>,-1.2529855698211503,0.043761132772479255,287,6.383970558643341
5.0,sigmoid,char,"(8, 12)",rmstop_clean_stem,-1.2700237943317363,0.03756769310914556,318,5.2674994468688965
5.0,sigmoid,char,"(8, 16)",<lambda>,-1.2560181715709886,0.04369902123096194,298,10.465882003307343
5.0,sigmoid,char,"(8, 16)",rmstop_clean_stem,-1.2568064164085089,0.02937960053033334,300,8.591834843158722
5.0,sigmoid,char_wb,"(2, 4)",<lambda>,-1.6435949173529991,0.04353143722371002,536,3.571727931499481
5.0,sigmoid,char_wb,"(2, 4)",rmstop_clean_stem,-2.2634717126276978,0.08908519732316605,557,3.0931132435798645
5.0,sigmoid,char_wb,"(2, 8)",<lambda>,-1.560030910360604,0.02896957478883309,521,5.623024046421051
5.0,sigmoid,char_wb,"(2, 8)",rmstop_clean_stem,-2.2897272690952555,0.0431138473650835,559,4.406344413757324
5.0,sigmoid,char_wb,"(2, 12)",<lambda>,-1.5842469899644627,0.00947007805646349,527,6.005597949028015
5.0,sigmoid,char_wb,"(2, 12)",rmstop_clean_stem,-2.3594311035963655,0.04192184307189541,564,4.550520896911621
5.0,sigmoid,char_wb,"(2, 16)",<lambda>,-1.5997628315709247,0.024391957700958984,530,6.2201473116874695
5.0,sigmoid,char_wb,"(2, 16)",rmstop_clean_stem,-2.3152063758364516,0.049510252379704155,561,4.563274621963501
5.0,sigmoid,char_wb,"(4, 4)",<lambda>,-1.5524478343149153,0.03899839862037697,515,1.6793769001960754
5.0,sigmoid,char_wb,"(4, 4)",rmstop_clean_stem,-2.2203585468411635,0.05807179925462719,556,1.4180871844291687
5.0,sigmoid,char_wb,"(4, 8)",<lambda>,-1.579556308771969,0.032801418388926626,526,3.430776357650757
5.0,sigmoid,char_wb,"(4, 8)",rmstop_clean_stem,-2.45063497767682,0.04978138287061692,568,2.6699464917182922
5.0,sigmoid,char_wb,"(4, 12)",<lambda>,-1.6469323162300966,0.019634747885333925,538,4.077644467353821
5.0,sigmoid,char_wb,"(4, 12)",rmstop_clean_stem,-2.578822239421471,0.06303147033703047,574,2.9502644538879395
5.0,sigmoid,char_wb,"(4, 16)",<lambda>,-1.6446615626921217,0.02911527005075554,537,4.119243502616882
5.0,sigmoid,char_wb,"(4, 16)",rmstop_clean_stem,-2.5672561321261926,0.049826964563934185,573,3.0946688652038574
5.0,sigmoid,char_wb,"(6, 8)",<lambda>,-1.6597964599732076,0.03529379076252696,540,1.8819504976272583
5.0,sigmoid,char_wb,"(6, 8)",rmstop_clean_stem,-2.614853983875609,0.14872365076613503,578,1.506088137626648
5.0,sigmoid,char_wb,"(6, 12)",<lambda>,-1.8240729121134442,0.03649069662365455,545,2.5465720891952515
5.0,sigmoid,char_wb,"(6, 12)",rmstop_clean_stem,-2.96529770749665,0.10457023204893044,583,1.7656463384628296
5.0,sigmoid,char_wb,"(6, 12)",<lambda>,-1.8240729121134442,0.03649069662365455,545,2.5243173837661743
5.0,sigmoid,char_wb,"(6, 12)",rmstop_clean_stem,-2.96529770749665,0.10457023204893044,583,1.7348896861076355
5.0,sigmoid,char_wb,"(6, 16)",<lambda>,-1.8362775843402086,0.03160708178892149,547,2.5725778937339783
5.0,sigmoid,char_wb,"(6, 16)",rmstop_clean_stem,-2.9892158684907097,0.11929812598341342,587,1.8539158701896667
5.0,sigmoid,char_wb,"(8, 8)",<lambda>,-1.5983304310046365,0.01586573848941442,529,1.0262303948402405
5.0,sigmoid,char_wb,"(8, 8)",rmstop_clean_stem,-2.286712903586365,0.028012618039765184,558,0.8884490132331848
5.0,sigmoid,char_wb,"(8, 12)",<lambda>,-1.9959950302014133,0.04532947582254423,552,1.3448020815849304
5.0,sigmoid,char_wb,"(8, 12)",rmstop_clean_stem,-2.9822344172208073,0.06853738633375359,585,1.1172508001327515
5.0,sigmoid,char_wb,"(8, 12)",<lambda>,-1.9959950302014133,0.04532947582254423,552,1.4113168120384216
5.0,sigmoid,char_wb,"(8, 12)",rmstop_clean_stem,-2.9822344172208073,0.06853738633375359,585,1.117001473903656
5.0,sigmoid,char_wb,"(8, 16)",<lambda>,-2.0221455217271207,0.03590331216523443,554,1.597108781337738
5.0,sigmoid,char_wb,"(8, 16)",rmstop_clean_stem,-3.0089720786632617,0.12701546994802113,588,1.1747639179229736
10.0,linear,char,"(2, 4)",<lambda>,-1.1956610041680729,0.044616726147467145,210,3.2947404980659485
10.0,linear,char,"(2, 4)",rmstop_clean_stem,-1.1987211236453705,0.011959674682328388,219,2.932408928871155
10.0,linear,char,"(2, 8)",<lambda>,-1.1407685959764624,0.040539033831900606,121,6.72317761182785
10.0,linear,char,"(2, 8)",rmstop_clean_stem,-1.1455879249859358,0.026520087029151786,127,5.859943687915802
10.0,linear,char,"(2, 12)",<lambda>,-1.12524495277634,0.048698396337240386,82,10.59538745880127
10.0,linear,char,"(2, 12)",rmstop_clean_stem,-1.1179705614952202,0.03747685404489947,66,8.791631698608398
10.0,linear,char,"(2, 16)",<lambda>,-1.1173441001884263,0.05274853844338734,63,14.363986134529114
10.0,linear,char,"(2, 16)",rmstop_clean_stem,-1.1027329338895522,0.04209739234921098,38,11.267281532287598
10.0,linear,char,"(4, 4)",<lambda>,-1.2083916392295317,0.03807598850242714,237,1.6643730401992798
10.0,linear,char,"(4, 4)",rmstop_clean_stem,-1.214370348795851,0.009691644112868165,247,1.6331172585487366
10.0,linear,char,"(4, 8)",<lambda>,-1.149107625078393,0.039070012762125274,133,5.3001901507377625
10.0,linear,char,"(4, 8)",rmstop_clean_stem,-1.153288575142815,0.02429923964929622,143,4.558023452758789
10.0,linear,char,"(4, 12)",<lambda>,-1.1328810179993414,0.04601302586778348,101,8.963087737560272
10.0,linear,char,"(4, 12)",rmstop_clean_stem,-1.1265461560472716,0.03454559546796916,87,7.517755031585693
10.0,linear,char,"(4, 16)",<lambda>,-1.1255544409271612,0.04976066453749622,85,12.718014895915985
10.0,linear,char,"(4, 16)",rmstop_clean_stem,-1.1119902759786489,0.03548339668731721,53,10.253530621528625
10.0,linear,char,"(6, 8)",<lambda>,-1.1594719964541689,0.04234584933344217,149,3.4262579679489136
10.0,linear,char,"(6, 8)",rmstop_clean_stem,-1.1604807139716424,0.031782526539136026,150,2.9151541590690613
10.0,linear,char,"(6, 12)",<lambda>,-1.1511968365557221,0.04750992875526849,135,7.26138174533844
10.0,linear,char,"(6, 12)",rmstop_clean_stem,-1.1430668256369267,0.0351935036935664,123,6.008099257946014
10.0,linear,char,"(6, 12)",<lambda>,-1.1511968365557221,0.04750992875526849,135,7.39068990945816
10.0,linear,char,"(6, 12)",rmstop_clean_stem,-1.1430668256369267,0.0351935036935664,123,6.053995370864868
10.0,linear,char,"(6, 16)",<lambda>,-1.1464443616570832,0.04913245301136195,128,10.902076125144958
10.0,linear,char,"(6, 16)",rmstop_clean_stem,-1.1320499412819143,0.03193341466579959,97,8.575968205928802
10.0,linear,char,"(8, 8)",<lambda>,-1.1878782474806227,0.055329059409645685,193,1.6744018197059631
10.0,linear,char,"(8, 8)",rmstop_clean_stem,-1.1913943648101593,0.03941951235094561,200,1.590282380580902
10.0,linear,char,"(8, 12)",<lambda>,-1.191945917602617,0.053573250646902805,201,5.52655029296875
10.0,linear,char,"(8, 12)",rmstop_clean_stem,-1.1866319380525092,0.03992663792182189,188,4.546020686626434
10.0,linear,char,"(8, 12)",<lambda>,-1.191945917602617,0.053573250646902805,201,5.373457193374634
10.0,linear,char,"(8, 12)",rmstop_clean_stem,-1.1866319380525092,0.03992663792182189,188,4.508513271808624
10.0,linear,char,"(8, 16)",<lambda>,-1.1894043434582982,0.05273302657298713,197,9.078038692474365
10.0,linear,char,"(8, 16)",rmstop_clean_stem,-1.1806050374070993,0.035704849070773516,181,7.255595326423645
10.0,linear,char_wb,"(2, 4)",<lambda>,-1.198338457694991,0.039693857897011554,218,3.133014500141144
10.0,linear,char_wb,"(2, 4)",rmstop_clean_stem,-1.213788085886061,0.03557060149026015,244,2.86076158285141
10.0,linear,char_wb,"(2, 8)",<lambda>,-1.2238991740114522,0.02530233321465528,261,4.654321849346161
10.0,linear,char_wb,"(2, 8)",rmstop_clean_stem,-1.2347407760097455,0.03679407048239755,267,3.8945557475090027
10.0,linear,char_wb,"(2, 12)",<lambda>,-1.2275131896874356,0.0229942798791751,264,5.1939573884010315
10.0,linear,char_wb,"(2, 12)",rmstop_clean_stem,-1.2397667226220483,0.039439856453782667,270,4.09121960401535
10.0,linear,char_wb,"(2, 16)",<lambda>,-1.2253702337152244,0.023675124660013556,263,5.2964542508125305
10.0,linear,char_wb,"(2, 16)",rmstop_clean_stem,-1.239797825650251,0.0399264397823995,271,4.144931077957153
10.0,linear,char_wb,"(4, 4)",<lambda>,-1.2277624263013323,0.0338529268747201,265,1.4833329319953918
10.0,linear,char_wb,"(4, 4)",rmstop_clean_stem,-1.2413150118239535,0.03395883057428327,274,1.4455746412277222
10.0,linear,char_wb,"(4, 8)",<lambda>,-1.2440622746560002,0.025902876915542477,278,2.8931496143341064
10.0,linear,char_wb,"(4, 8)",rmstop_clean_stem,-1.2516412230702885,0.032368523520197715,285,2.5365697741508484
10.0,linear,char_wb,"(4, 12)",<lambda>,-1.2438016258052735,0.02798517428095242,277,3.51203852891922
10.0,linear,char_wb,"(4, 12)",rmstop_clean_stem,-1.2545207674674825,0.03679498809740444,295,2.785375416278839
10.0,linear,char_wb,"(4, 16)",<lambda>,-1.2424195210676519,0.02855620740369788,275,3.603058338165283
10.0,linear,char_wb,"(4, 16)",rmstop_clean_stem,-1.254720488600681,0.037523440217258855,296,2.7853755354881287
10.0,linear,char_wb,"(6, 8)",<lambda>,-1.2484031437470597,0.027427415923276872,281,1.6936306357383728
10.0,linear,char_wb,"(6, 8)",rmstop_clean_stem,-1.2539626596883635,0.042055183825654145,294,1.4850836992263794
10.0,linear,char_wb,"(6, 12)",<lambda>,-1.2572777942314006,0.03183366192318974,301,2.066090166568756
10.0,linear,char_wb,"(6, 12)",rmstop_clean_stem,-1.2535674479716605,0.049590275654197886,290,1.7038999199867249
10.0,linear,char_wb,"(6, 12)",<lambda>,-1.2572777942314006,0.03183366192318974,301,2.0726638436317444
10.0,linear,char_wb,"(6, 12)",rmstop_clean_stem,-1.2535674479716605,0.049590275654197886,290,1.6840564608573914
10.0,linear,char_wb,"(6, 16)",<lambda>,-1.2582497475195826,0.03275928247115773,304,2.1931746006011963
10.0,linear,char_wb,"(6, 16)",rmstop_clean_stem,-1.252485669136568,0.05051400412235127,286,1.7354865670204163
10.0,linear,char_wb,"(8, 8)",<lambda>,-1.2515208336851948,0.023267786367057956,284,0.8196322917938232
10.0,linear,char_wb,"(8, 8)",rmstop_clean_stem,-1.2597267586912395,0.04216345192734223,306,0.9167458415031433
10.0,linear,char_wb,"(8, 12)",<lambda>,-1.2704166445609806,0.02619399581609711,320,1.2689608335494995
10.0,linear,char_wb,"(8, 12)",rmstop_clean_stem,-1.26396010530117,0.05003175998471837,309,1.125908374786377
10.0,linear,char_wb,"(8, 12)",<lambda>,-1.2704166445609806,0.02619399581609711,320,1.260600209236145
10.0,linear,char_wb,"(8, 12)",rmstop_clean_stem,-1.26396010530117,0.05003175998471837,309,1.129753828048706
10.0,linear,char_wb,"(8, 16)",<lambda>,-1.273904148913675,0.025766782536107792,326,1.3573053479194641
10.0,linear,char_wb,"(8, 16)",rmstop_clean_stem,-1.2633249433842981,0.05161794035091947,308,1.1831282377243042
10.0,sigmoid,char,"(2, 4)",<lambda>,-2.1040152839528643,0.042090472951967155,555,4.625349044799805
10.0,sigmoid,char,"(2, 4)",rmstop_clean_stem,-2.3169762034563726,0.04570769855403017,562,4.322351157665253
10.0,sigmoid,char,"(2, 8)",<lambda>,-1.423531038970185,0.043635340476319014,460,8.497014820575714
10.0,sigmoid,char,"(2, 8)",rmstop_clean_stem,-1.5422609993299532,0.04552097863635254,509,7.459175288677216
10.0,sigmoid,char,"(2, 12)",<lambda>,-1.3201617864761654,0.06013936625654039,401,12.569884181022644
10.0,sigmoid,char,"(2, 12)",rmstop_clean_stem,-1.378850091777222,0.04782693517250085,435,10.608435571193695
10.0,sigmoid,char,"(2, 16)",<lambda>,-1.2918521203750752,0.06776807879758993,359,16.634545743465424
10.0,sigmoid,char,"(2, 16)",rmstop_clean_stem,-1.2972004076903874,0.03850960315460472,367,12.979415953159332
10.0,sigmoid,char,"(4, 4)",<lambda>,-1.8035611122387825,0.03871860059300646,543,3.016676962375641
10.0,sigmoid,char,"(4, 4)",rmstop_clean_stem,-1.8699075971635009,0.0825557576683615,549,2.85139000415802
10.0,sigmoid,char,"(4, 8)",<lambda>,-1.413684605309492,0.03825967526567525,455,6.920795977115631
10.0,sigmoid,char,"(4, 8)",rmstop_clean_stem,-1.5490815178475885,0.03809544850475481,514,5.97396719455719
10.0,sigmoid,char,"(4, 12)",<lambda>,-1.3335249249195846,0.06487121954433152,407,10.847686409950256
10.0,sigmoid,char,"(4, 12)",rmstop_clean_stem,-1.3776450420579884,0.029532454151160646,434,8.764219045639038
10.0,sigmoid,char,"(4, 16)",<lambda>,-1.3048126415195855,0.05256297991325717,380,14.07478016614914
10.0,sigmoid,char,"(4, 16)",rmstop_clean_stem,-1.2913774868854944,0.03267798702084536,357,11.326730132102966
10.0,sigmoid,char,"(6, 8)",<lambda>,-1.4415886433378629,0.04771157013163458,471,4.182897210121155
10.0,sigmoid,char,"(6, 8)",rmstop_clean_stem,-1.5571040852877411,0.040179400931162686,519,3.9796480536460876
10.0,sigmoid,char,"(6, 12)",<lambda>,-1.3550876069083,0.06608042790232266,418,8.884378552436829
10.0,sigmoid,char,"(6, 12)",rmstop_clean_stem,-1.3906403030526444,0.0730570890343598,437,7.395161330699921
10.0,sigmoid,char,"(6, 12)",<lambda>,-1.3550876069083,0.06608042790232266,418,9.46251231431961
10.0,sigmoid,char,"(6, 12)",rmstop_clean_stem,-1.3906403030526444,0.0730570890343598,437,8.230608582496643
10.0,sigmoid,char,"(6, 16)",<lambda>,-1.319964770018819,0.04281404761270704,400,14.36461853981018
10.0,sigmoid,char,"(6, 16)",rmstop_clean_stem,-1.3237885164588101,0.03365373208719698,404,10.816047310829163
10.0,sigmoid,char,"(8, 8)",<lambda>,-1.4829788615913624,0.05922910903634578,488,2.4428285360336304
10.0,sigmoid,char,"(8, 8)",rmstop_clean_stem,-1.5729654008505773,0.045487129895595065,522,2.2915148735046387
10.0,sigmoid,char,"(8, 12)",<lambda>,-1.4132238582225378,0.06881358652336164,453,6.86332094669342
10.0,sigmoid,char,"(8, 12)",rmstop_clean_stem,-1.4192930132042196,0.0631672758858378,457,6.200014412403107
10.0,sigmoid,char,"(8, 12)",<lambda>,-1.4132238582225378,0.06881358652336164,453,6.952162027359009
10.0,sigmoid,char,"(8, 12)",rmstop_clean_stem,-1.4192930132042196,0.0631672758858378,457,5.710390627384186
10.0,sigmoid,char,"(8, 16)",<lambda>,-1.3704862077114108,0.04910330594997406,428,10.129064798355103
10.0,sigmoid,char,"(8, 16)",rmstop_clean_stem,-1.3705343868750477,0.03964675430540914,429,8.306865215301514
10.0,sigmoid,char_wb,"(2, 4)",<lambda>,-2.592012371140593,0.07996310216420163,575,3.8353612422943115
10.0,sigmoid,char_wb,"(2, 4)",rmstop_clean_stem,-4.016102017045466,0.13416706762273314,606,3.0801918506622314
10.0,sigmoid,char_wb,"(2, 8)",<lambda>,-2.3488387630224223,0.1051548262114724,563,5.948085963726044
10.0,sigmoid,char_wb,"(2, 8)",rmstop_clean_stem,-4.006663770454728,0.3607356772424099,605,4.448499023914337
10.0,sigmoid,char_wb,"(2, 12)",<lambda>,-2.515554930813746,0.037165077379523605,571,6.632157146930695
10.0,sigmoid,char_wb,"(2, 12)",rmstop_clean_stem,-4.134503002616644,0.18439835050140604,611,4.637415945529938
10.0,sigmoid,char_wb,"(2, 16)",<lambda>,-2.477847528028436,0.04156360576080722,569,6.382163465023041
10.0,sigmoid,char_wb,"(2, 16)",rmstop_clean_stem,-4.125658770812647,0.21172845480737038,610,4.824275970458984
10.0,sigmoid,char_wb,"(4, 4)",<lambda>,-2.389588789249694,0.09025326156155394,566,2.062937080860138
10.0,sigmoid,char_wb,"(4, 4)",rmstop_clean_stem,-3.8762854157495257,0.13981608653926203,603,1.6631235480308533
10.0,sigmoid,char_wb,"(4, 8)",<lambda>,-2.4106585328770196,0.060803222592835104,567,3.768096446990967
10.0,sigmoid,char_wb,"(4, 8)",rmstop_clean_stem,-4.32097833030184,0.15949642606162126,612,2.8928998708724976
10.0,sigmoid,char_wb,"(4, 12)",<lambda>,-2.596345751994162,0.051952482319956035,576,4.399237930774689
10.0,sigmoid,char_wb,"(4, 12)",rmstop_clean_stem,-4.476406745251938,0.28885051273837464,615,3.117699921131134
10.0,sigmoid,char_wb,"(4, 16)",<lambda>,-2.529993744880988,0.05091549031800833,572,4.651294767856598
10.0,sigmoid,char_wb,"(4, 16)",rmstop_clean_stem,-4.565364008957353,0.20088954195594447,617,3.148707926273346
10.0,sigmoid,char_wb,"(6, 8)",<lambda>,-2.596686153580267,0.061196673012609316,577,2.119226098060608
10.0,sigmoid,char_wb,"(6, 8)",rmstop_clean_stem,-4.865616560036876,0.17435898716140708,618,1.6826284527778625
10.0,sigmoid,char_wb,"(6, 12)",<lambda>,-2.895062225460327,0.06165996472445279,580,2.611086845397949
10.0,sigmoid,char_wb,"(6, 12)",rmstop_clean_stem,-5.432364352947846,0.3164063910575467,620,1.8146372437477112
10.0,sigmoid,char_wb,"(6, 12)",<lambda>,-2.895062225460327,0.06165996472445279,580,2.6208890080451965
10.0,sigmoid,char_wb,"(6, 12)",rmstop_clean_stem,-5.432364352947846,0.3164063910575467,620,1.834223449230194
10.0,sigmoid,char_wb,"(6, 16)",<lambda>,-2.89314138911097,0.07604341505042464,579,2.9624768495559692
10.0,sigmoid,char_wb,"(6, 16)",rmstop_clean_stem,-5.391096852790439,0.2718507988699361,619,1.8909858465194702
10.0,sigmoid,char_wb,"(8, 8)",<lambda>,-2.3657798676829476,0.01966314804728551,565,1.2214620113372803
10.0,sigmoid,char_wb,"(8, 8)",rmstop_clean_stem,-4.029794212365779,0.20359341584931898,607,1.1607607007026672
10.0,sigmoid,char_wb,"(8, 12)",<lambda>,-3.1729657247189857,0.14038489441458304,590,1.6106116771697998
10.0,sigmoid,char_wb,"(8, 12)",rmstop_clean_stem,-5.506658618760342,0.26392092060770095,622,1.153509259223938
10.0,sigmoid,char_wb,"(8, 12)",<lambda>,-3.1729657247189857,0.14038489441458304,590,1.6223903894424438
10.0,sigmoid,char_wb,"(8, 12)",rmstop_clean_stem,-5.506658618760342,0.26392092060770095,622,1.1564969420433044
10.0,sigmoid,char_wb,"(8, 16)",<lambda>,-3.247970173037069,0.12782158638002672,592,1.8475151062011719
10.0,sigmoid,char_wb,"(8, 16)",rmstop_clean_stem,-5.510723904895984,0.23799513984785248,624,1.277286946773529
15.0,linear,char,"(2, 4)",<lambda>,-1.2323284007134028,0.04951928549628958,266,3.4115161299705505
15.0,linear,char,"(2, 4)",rmstop_clean_stem,-1.239078605642295,0.013297427555072305,269,3.086443305015564
15.0,linear,char,"(2, 8)",<lambda>,-1.1545717975905023,0.048337385192748474,146,6.8702932596206665
15.0,linear,char,"(2, 8)",rmstop_clean_stem,-1.1622789804913591,0.03221160678196591,156,5.989845156669617
15.0,linear,char,"(2, 12)",<lambda>,-1.1337748652299693,0.051937925176404345,105,10.908062398433685
15.0,linear,char,"(2, 12)",rmstop_clean_stem,-1.1266599027460644,0.039748158902744385,90,9.127276420593262
15.0,linear,char,"(2, 16)",<lambda>,-1.1249658113167484,0.05484383378100789,81,14.838292241096497
15.0,linear,char,"(2, 16)",rmstop_clean_stem,-1.1088072370144453,0.04314860949538551,49,11.484364986419678
15.0,linear,char,"(4, 4)",<lambda>,-1.242446942397733,0.03912146418958596,276,1.7782548069953918
15.0,linear,char,"(4, 4)",rmstop_clean_stem,-1.2470086805527287,0.01571571722808566,280,1.7806090712547302
15.0,linear,char,"(4, 8)",<lambda>,-1.1624970366903837,0.046539115127970536,158,5.499735057353973
15.0,linear,char,"(4, 8)",rmstop_clean_stem,-1.1686354818497113,0.029392528785416833,163,4.585530340671539
15.0,linear,char,"(4, 12)",<lambda>,-1.1420244536869277,0.04967896218765076,122,9.210819363594055
15.0,linear,char,"(4, 12)",rmstop_clean_stem,-1.1357088249682248,0.036273206505334554,109,7.723365366458893
15.0,linear,char,"(4, 16)",<lambda>,-1.1336614766904765,0.0509808745792284,104,13.145766496658325
15.0,linear,char,"(4, 16)",rmstop_clean_stem,-1.117933027758249,0.03602377908797719,65,10.673548221588135
15.0,linear,char,"(6, 8)",<lambda>,-1.1736547242409632,0.048858769237754895,169,3.579239010810852
15.0,linear,char,"(6, 8)",rmstop_clean_stem,-1.1746090253543322,0.037539259853755155,170,3.034680962562561
15.0,linear,char,"(6, 12)",<lambda>,-1.1609199024483632,0.0507965300795602,153,7.473178029060364
15.0,linear,char,"(6, 12)",rmstop_clean_stem,-1.1520563419690093,0.035894333841749504,139,6.301665306091309
15.0,linear,char,"(6, 12)",<lambda>,-1.1609199024483632,0.0507965300795602,153,7.617392480373383
15.0,linear,char,"(6, 12)",rmstop_clean_stem,-1.1520563419690093,0.035894333841749504,139,6.222261667251587
15.0,linear,char,"(6, 16)",<lambda>,-1.1542959644115907,0.05062642227021157,144,11.255869388580322
15.0,linear,char,"(6, 16)",rmstop_clean_stem,-1.13723994301357,0.03241274846509429,116,9.02009654045105
15.0,linear,char,"(8, 8)",<lambda>,-1.20430176128695,0.06235610262319922,233,1.686875820159912
15.0,linear,char,"(8, 8)",rmstop_clean_stem,-1.2041933580283186,0.04533152829619739,232,1.6565507054328918
15.0,linear,char,"(8, 12)",<lambda>,-1.2010449914678403,0.0567483461662802,223,5.686027467250824
15.0,linear,char,"(8, 12)",rmstop_clean_stem,-1.193714166354906,0.03897271214739564,205,4.748315691947937
15.0,linear,char,"(8, 12)",<lambda>,-1.2010449914678403,0.0567483461662802,223,5.591255843639374
15.0,linear,char,"(8, 12)",rmstop_clean_stem,-1.193714166354906,0.03897271214739564,205,4.684552073478699
15.0,linear,char,"(8, 16)",<lambda>,-1.1967547202566953,0.05387228454507938,212,9.29842609167099
15.0,linear,char,"(8, 16)",rmstop_clean_stem,-1.1850871146521111,0.036989627525581596,186,7.622937738895416
15.0,linear,char_wb,"(2, 4)",<lambda>,-1.25560648680187,0.04399961960310675,297,3.3555840849876404
15.0,linear,char_wb,"(2, 4)",rmstop_clean_stem,-1.253419210265687,0.042016031887750376,289,3.1498560905456543
15.0,linear,char_wb,"(2, 8)",<lambda>,-1.2683094582395265,0.01885302441962452,316,4.871109127998352
15.0,linear,char_wb,"(2, 8)",rmstop_clean_stem,-1.2740059095382148,0.03647855908055014,327,4.163510799407959
15.0,linear,char_wb,"(2, 12)",<lambda>,-1.2670372054575667,0.018960928520883054,312,5.3570427894592285
15.0,linear,char_wb,"(2, 12)",rmstop_clean_stem,-1.2777612864037726,0.04278082598750069,333,4.523515999317169
15.0,linear,char_wb,"(2, 16)",<lambda>,-1.2648486785209765,0.02039822975640556,311,5.526491284370422
15.0,linear,char_wb,"(2, 16)",rmstop_clean_stem,-1.277725579773729,0.04279464496376218,332,4.404488444328308
15.0,linear,char_wb,"(4, 4)",<lambda>,-1.2851270044715402,0.03132717911897539,343,1.663373589515686
15.0,linear,char_wb,"(4, 4)",rmstop_clean_stem,-1.2865143207638752,0.03423794839270404,344,1.6308702230453491
15.0,linear,char_wb,"(4, 8)",<lambda>,-1.2848815708452963,0.02395500507344994,341,3.1184505224227905
15.0,linear,char_wb,"(4, 8)",rmstop_clean_stem,-1.290967470129843,0.032211993865796845,354,2.711609125137329
15.0,linear,char_wb,"(4, 12)",<lambda>,-1.2820420385475546,0.025249464409945077,336,3.630315124988556
15.0,linear,char_wb,"(4, 12)",rmstop_clean_stem,-1.292123195862843,0.038797037465991085,361,3.1129490733146667
15.0,linear,char_wb,"(4, 16)",<lambda>,-1.280070317532695,0.02670456805509832,334,3.755533218383789
15.0,linear,char_wb,"(4, 16)",rmstop_clean_stem,-1.2921453108279535,0.040247449608738335,362,3.0538799166679382
15.0,linear,char_wb,"(6, 8)",<lambda>,-1.288930017018792,0.024846939009516983,353,1.7672422528266907
15.0,linear,char_wb,"(6, 8)",rmstop_clean_stem,-1.28884455963192,0.044332101888973255,352,1.6040750741958618
15.0,linear,char_wb,"(6, 12)",<lambda>,-1.2882591907949648,0.03215090799207711,346,2.220532536506653
15.0,linear,char_wb,"(6, 12)",rmstop_clean_stem,-1.2883683084683057,0.04873076147328352,348,1.882828176021576
15.0,linear,char_wb,"(6, 12)",<lambda>,-1.2882591907949648,0.03215090799207711,346,2.243530809879303
15.0,linear,char_wb,"(6, 12)",rmstop_clean_stem,-1.2883683084683057,0.04873076147328352,348,1.8816993236541748
15.0,linear,char_wb,"(6, 16)",<lambda>,-1.2885142331769854,0.03256714648549554,351,2.3915504217147827
15.0,linear,char_wb,"(6, 16)",rmstop_clean_stem,-1.2884494230282995,0.04919514399700193,350,1.8874233961105347
15.0,linear,char_wb,"(8, 8)",<lambda>,-1.2913116500467066,0.026306734405961638,355,0.9994743466377258
15.0,linear,char_wb,"(8, 8)",rmstop_clean_stem,-1.2969256790975119,0.04250319091781164,366,1.0809925198554993
15.0,linear,char_wb,"(8, 12)",<lambda>,-1.3019634824744353,0.023899269049515753,376,1.3583055138587952
15.0,linear,char_wb,"(8, 12)",rmstop_clean_stem,-1.2999136492196914,0.04696129278664209,372,1.2512809038162231
15.0,linear,char_wb,"(8, 12)",<lambda>,-1.3019634824744353,0.023899269049515753,376,1.3418013453483582
15.0,linear,char_wb,"(8, 12)",rmstop_clean_stem,-1.2999136492196914,0.04696129278664209,372,1.251781404018402
15.0,linear,char_wb,"(8, 16)",<lambda>,-1.307452196922687,0.024876373673715917,389,1.4620792865753174
15.0,linear,char_wb,"(8, 16)",rmstop_clean_stem,-1.2992094923144488,0.04691316899877628,371,1.3320487141609192
15.0,sigmoid,char,"(2, 4)",<lambda>,-2.8972928352785363,0.08739728398019345,582,5.493984520435333
15.0,sigmoid,char,"(2, 4)",rmstop_clean_stem,-3.338092017331202,0.1139199565253387,594,4.238701939582825
15.0,sigmoid,char,"(2, 8)",<lambda>,-1.6417933877499649,0.03767922816503287,535,8.344022512435913
15.0,sigmoid,char,"(2, 8)",rmstop_clean_stem,-1.8885622797712593,0.01733550699776299,550,7.263033866882324
15.0,sigmoid,char,"(2, 12)",<lambda>,-1.475916974046312,0.0638592801093347,485,12.18700361251831
15.0,sigmoid,char,"(2, 12)",rmstop_clean_stem,-1.5916552579175405,0.04961332212465779,528,10.483495056629181
15.0,sigmoid,char,"(2, 16)",<lambda>,-1.3768769735841826,0.05587531047541767,433,16.05987173318863
15.0,sigmoid,char,"(2, 16)",rmstop_clean_stem,-1.4294311627571643,0.04992091878159964,463,13.13857626914978
15.0,sigmoid,char,"(4, 4)",<lambda>,-2.2997826414499274,0.1117245710323028,560,3.939494490623474
15.0,sigmoid,char,"(4, 4)",rmstop_clean_stem,-2.513305795084933,0.10607843964657114,570,3.3619827032089233
15.0,sigmoid,char,"(4, 8)",<lambda>,-1.6756619036046132,0.07921131987270616,541,6.597925007343292
15.0,sigmoid,char,"(4, 8)",rmstop_clean_stem,-1.8170615633209408,0.06899414682876702,544,5.8194533586502075
15.0,sigmoid,char,"(4, 12)",<lambda>,-1.4880377408745742,0.07182512678834,491,10.418840169906616
15.0,sigmoid,char,"(4, 12)",rmstop_clean_stem,-1.5759726890768742,0.10027218773219315,524,8.667196452617645
15.0,sigmoid,char,"(4, 16)",<lambda>,-1.4028978147261986,0.06504015464889963,446,14.079382956027985
15.0,sigmoid,char,"(4, 16)",rmstop_clean_stem,-1.4382891588432973,0.048310057122145075,468,11.55680251121521
15.0,sigmoid,char,"(6, 8)",<lambda>,-1.6515306995374004,0.044641849355274564,539,4.701103866100311
15.0,sigmoid,char,"(6, 8)",rmstop_clean_stem,-1.8569525769221966,0.08822530894860112,548,4.128553092479706
15.0,sigmoid,char,"(6, 12)",<lambda>,-1.5103831483553645,0.07189388791776039,499,8.261605858802795
15.0,sigmoid,char,"(6, 12)",rmstop_clean_stem,-1.6223854481380702,0.060346098116398135,531,6.936808288097382
15.0,sigmoid,char,"(6, 12)",<lambda>,-1.5103831483553645,0.07189388791776039,499,8.37963205575943
15.0,sigmoid,char,"(6, 12)",rmstop_clean_stem,-1.6223854481380702,0.060346098116398135,531,7.065085053443909
15.0,sigmoid,char,"(6, 16)",<lambda>,-1.4279467583416254,0.05541965133993661,461,12.644805133342743
15.0,sigmoid,char,"(6, 16)",rmstop_clean_stem,-1.4178713504807032,0.035803940530836895,456,10.073716580867767
15.0,sigmoid,char,"(8, 8)",<lambda>,-1.6976923472467116,0.061180658525920695,542,2.265113890171051
15.0,sigmoid,char,"(8, 8)",rmstop_clean_stem,-1.9654767102268345,0.0684403802422997,551,2.3055177330970764
15.0,sigmoid,char,"(8, 12)",<lambda>,-1.5568210591553304,0.06678610806893724,517,6.2491534948349
15.0,sigmoid,char,"(8, 12)",rmstop_clean_stem,-1.639221373519455,0.038935616084033856,533,5.609010100364685
15.0,sigmoid,char,"(8, 12)",<lambda>,-1.5568210591553304,0.06678610806893724,517,6.092368900775909
15.0,sigmoid,char,"(8, 12)",rmstop_clean_stem,-1.639221373519455,0.038935616084033856,533,5.508486747741699
15.0,sigmoid,char,"(8, 16)",<lambda>,-1.4779656263313066,0.059334976937193494,486,10.075714349746704
15.0,sigmoid,char,"(8, 16)",rmstop_clean_stem,-1.4896960641724026,0.04430651122925281,492,8.384864866733551
15.0,sigmoid,char_wb,"(2, 4)",<lambda>,-3.626074006668701,0.17510643479427515,601,4.2339752316474915
15.0,sigmoid,char_wb,"(2, 4)",rmstop_clean_stem,-5.994225031721913,0.20345938684086548,628,3.1199061274528503
15.0,sigmoid,char_wb,"(2, 8)",<lambda>,-3.413244676035949,0.19496805182307517,597,6.429192960262299
15.0,sigmoid,char_wb,"(2, 8)",rmstop_clean_stem,-6.020355110641095,0.14950989069136963,629,4.490508556365967
15.0,sigmoid,char_wb,"(2, 12)",<lambda>,-3.431304483849134,0.05369078426181094,598,6.4797051548957825
15.0,sigmoid,char_wb,"(2, 12)",rmstop_clean_stem,-6.17884189897316,0.31953452993911374,631,4.800328373908997
15.0,sigmoid,char_wb,"(2, 16)",<lambda>,-3.3957903426848732,0.06526481326333726,596,7.224622845649719
15.0,sigmoid,char_wb,"(2, 16)",rmstop_clean_stem,-5.9215853054977785,0.2577266637563265,627,4.755623459815979
15.0,sigmoid,char_wb,"(4, 4)",<lambda>,-3.3312056552801943,0.0902244501382451,593,2.2592837810516357
15.0,sigmoid,char_wb,"(4, 4)",rmstop_clean_stem,-5.6652193586947455,0.287818602051567,625,1.9823081493377686
15.0,sigmoid,char_wb,"(4, 8)",<lambda>,-3.3424007062989034,0.12407207522696376,595,3.8487107157707214
15.0,sigmoid,char_wb,"(4, 8)",rmstop_clean_stem,-6.084046487472122,0.45966962582025483,630,3.004420518875122
15.0,sigmoid,char_wb,"(4, 12)",<lambda>,-3.6506775857775384,0.20316162956769235,602,4.630176901817322
15.0,sigmoid,char_wb,"(4, 12)",rmstop_clean_stem,-6.713733664522688,0.3642107509804165,632,3.2811864614486694
15.0,sigmoid,char_wb,"(4, 16)",<lambda>,-3.5239181483001927,0.10868586183412102,599,4.725280404090881
15.0,sigmoid,char_wb,"(4, 16)",rmstop_clean_stem,-6.840512558086173,0.43452781777346755,634,3.2812366485595703
15.0,sigmoid,char_wb,"(6, 8)",<lambda>,-3.6077056021938763,0.1774305969944615,600,2.371782660484314
15.0,sigmoid,char_wb,"(6, 8)",rmstop_clean_stem,-6.738128218506081,0.539049034818055,633,1.6058599948883057
15.0,sigmoid,char_wb,"(6, 12)",<lambda>,-4.033538660399449,0.1331619943305577,608,2.6655991077423096
15.0,sigmoid,char_wb,"(6, 12)",rmstop_clean_stem,-7.496079511753505,0.4845955736670685,635,2.0042003989219666
15.0,sigmoid,char_wb,"(6, 12)",<lambda>,-4.033538660399449,0.1331619943305577,608,2.6761010885238647
15.0,sigmoid,char_wb,"(6, 12)",rmstop_clean_stem,-7.496079511753505,0.4845955736670685,635,1.9889473915100098
15.0,sigmoid,char_wb,"(6, 16)",<lambda>,-3.9958903815407814,0.2827761689187675,604,2.8226341009140015
15.0,sigmoid,char_wb,"(6, 16)",rmstop_clean_stem,-7.583837531937212,0.8460752776303161,637,1.9129295349121094
15.0,sigmoid,char_wb,"(8, 8)",<lambda>,-3.1685239487687635,0.13588218480568376,589,1.3515537977218628
15.0,sigmoid,char_wb,"(8, 8)",rmstop_clean_stem,-5.829207166671757,0.27635521149723413,626,1.0324819684028625
15.0,sigmoid,char_wb,"(8, 12)",<lambda>,-4.40959543571366,0.18347311493344967,613,1.7463926672935486
15.0,sigmoid,char_wb,"(8, 12)",rmstop_clean_stem,-7.837314243927017,0.36988385248277805,639,1.2382783889770508
15.0,sigmoid,char_wb,"(8, 12)",<lambda>,-4.40959543571366,0.18347311493344967,613,1.7526434063911438
15.0,sigmoid,char_wb,"(8, 12)",rmstop_clean_stem,-7.837314243927017,0.36988385248277805,639,1.2357773184776306
15.0,sigmoid,char_wb,"(8, 16)",<lambda>,-4.483050192050767,0.16165947335947245,616,1.6768766045570374
15.0,sigmoid,char_wb,"(8, 16)",rmstop_clean_stem,-7.708113826673462,0.43689397874930624,638,1.1687621474266052
