text,predict,max_samples,fit_time,mae,rmse,r2
Visite_ZNS,RASS,25,0.015624046325683594,1.6095561291762064,1.918952210042932,0.1976349032622421
Visite_ZNS,RASS,25,0.031243562698364258,1.801061026446056,2.0774061740359544,0.09962852997481164
Visite_ZNS,RASS,25,0.03232598304748535,1.7091552396506524,2.0898305743085923,0.09794153539110717
Visite_ZNS,RASS,25,0.015625,1.5889264762930508,1.917360834359504,0.16826412462991536
Visite_ZNS,RASS,25,0.01562047004699707,1.7118023141880783,2.277717798922079,-0.1283123789752887
Visite_ZNS,RASS,25,0.01562643051147461,1.6441721638595086,2.1322011215018044,-0.039441128666552805
Visite_ZNS,RASS,25,0.03124403953552246,1.6563883906412966,2.058099862723411,0.05992308871567664
Visite_ZNS,RASS,25,0.015625715255737305,1.6543704351390958,2.1042684422271773,0.003000340003302515
Visite_ZNS,RASS,25,0.015618562698364258,1.801392961085891,2.1503868607409027,-0.031188708626157746
Visite_ZNS,RASS,25,0.02400517463684082,1.6796423608182662,1.9566520658083,0.11105141786854378
Visite_ZNS,RASS,50,0.03400754928588867,1.4835174781164542,1.8271447131941507,0.2747301351638268
Visite_ZNS,RASS,50,0.04200911521911621,1.6301320432992028,2.0478758469534157,0.10250833022987316
Visite_ZNS,RASS,50,0.03125190734863281,1.5161271563380274,1.878280641020319,0.23151175778610067
Visite_ZNS,RASS,50,0.03125166893005371,1.625875653687489,2.048194653388077,0.12900805691322392
Visite_ZNS,RASS,50,0.031259775161743164,1.476784791816126,1.7914450140674472,0.2923623943866779
Visite_ZNS,RASS,50,0.046576499938964844,1.7345283234443176,2.2218818321505647,-0.0460673249437793
Visite_ZNS,RASS,50,0.04687809944152832,1.5067358515321299,1.959807175385996,0.1128141161148607
Visite_ZNS,RASS,50,0.04687309265136719,1.5375774231502262,1.9253880650457127,0.18892616773909898
Visite_ZNS,RASS,50,0.031252145767211914,1.5751814414151695,1.9510103055439796,0.19739340974456987
Visite_ZNS,RASS,50,0.03125286102294922,1.6058863534724421,1.981477931724885,0.1319733228644684
Visite_ZNS,RASS,100,0.07813119888305664,1.4055861556208908,1.7604088513417404,0.3018445748937696
Visite_ZNS,RASS,100,0.09897589683532715,1.4205906238569506,1.7774562996801588,0.30954845960024646
Visite_ZNS,RASS,100,0.09375619888305664,1.4151611299741997,1.7608784404444868,0.32313336640749757
Visite_ZNS,RASS,100,0.09376287460327148,1.4615891463877475,1.8143783401906757,0.30316551259879576
Visite_ZNS,RASS,100,0.0848543643951416,1.4277080392177854,1.790770742917521,0.3305305294782209
Visite_ZNS,RASS,100,0.10407304763793945,1.3936044290811012,1.7586597323649868,0.2544220350673222
Visite_ZNS,RASS,100,0.10080814361572266,1.4010508522078706,1.7380829104871092,0.3351492528289054
Visite_ZNS,RASS,100,0.07905244827270508,1.3588056359534098,1.7090348907849888,0.34656250521925347
Visite_ZNS,RASS,100,0.07501721382141113,1.3826200802634356,1.7163761324402993,0.33947005801361674
Visite_ZNS,RASS,100,0.08187103271484375,1.3979194803196426,1.7037253525620846,0.35648026252584175
Visite_ZNS,RASS,250,0.24478435516357422,1.2920299340740125,1.6459712473134351,0.41328353826684694
Visite_ZNS,RASS,250,0.26875805854797363,1.2474012584533933,1.5841616059887644,0.4525852905747968
Visite_ZNS,RASS,250,0.23439693450927734,1.2004445848806307,1.5488063772514225,0.46874594290800653
Visite_ZNS,RASS,250,0.25002408027648926,1.251507625108006,1.5932953160694565,0.411213665340728
Visite_ZNS,RASS,250,0.23439884185791016,1.2364239784357232,1.5934468529593004,0.43359350553933695
Visite_ZNS,RASS,250,0.2656428813934326,1.319605238041975,1.7007483018387821,0.3924368887269327
Visite_ZNS,RASS,250,0.23439836502075195,1.249471022867906,1.6262438394902394,0.4129479217464963
Visite_ZNS,RASS,250,0.2500166893005371,1.2649103940760942,1.616383002729326,0.4095958994735065
Visite_ZNS,RASS,250,0.2656426429748535,1.245474914240314,1.6041991420223152,0.4688693607755713
Visite_ZNS,RASS,250,0.2812693119049072,1.307112116092102,1.6889462329398104,0.3717857450602834
Visite_ZNS,RASS,500,0.6719198226928711,1.1362956192396132,1.4811186120776338,0.5070919661312101
Visite_ZNS,RASS,500,0.6875452995300293,1.1582190578829203,1.5109152906715413,0.47709970953952774
Visite_ZNS,RASS,500,0.6406667232513428,1.1701036434134526,1.5185911471016214,0.49835907672917035
Visite_ZNS,RASS,500,0.6406760215759277,1.1470368558448423,1.515026532596296,0.47781750057540373
Visite_ZNS,RASS,500,0.6719272136688232,1.122145903307539,1.4613438376649992,0.4836635311568077
Visite_ZNS,RASS,500,0.7031717300415039,1.1522754554298809,1.4952040453814033,0.48560869662781403
Visite_ZNS,RASS,500,0.6562936305999756,1.1544078707061836,1.5200049998411092,0.5027087387985429
Visite_ZNS,RASS,500,0.6875526905059814,1.166997112835088,1.5366376931760852,0.46460666448628296
Visite_ZNS,RASS,500,0.6562933921813965,1.1408147337789425,1.4981254442650813,0.4815769573730547
Visite_ZNS,RASS,500,0.6406674385070801,1.176078137131583,1.5410530881527211,0.4859731574925368
Visite_ZNS,RASS,750,1.2188308238983154,1.1422312073908902,1.4954332501955208,0.4939277534291687
Visite_ZNS,RASS,750,1.1719529628753662,1.1634946692650556,1.5384081138892474,0.4985279120686683
Visite_ZNS,RASS,750,1.2344563007354736,1.1432221997130878,1.5153632299458406,0.5004077715882234
Visite_ZNS,RASS,750,1.2757015228271484,1.1624135962484434,1.547123953948527,0.47707829499348875
Visite_ZNS,RASS,750,1.2971971035003662,1.101938188892075,1.448504282681406,0.518449276595356
Visite_ZNS,RASS,750,1.2631042003631592,1.092262985517089,1.4494378725352455,0.5307623926612379
Visite_ZNS,RASS,750,1.2544264793395996,1.082849177854494,1.4315952857713186,0.5327076984401216
Visite_ZNS,RASS,750,1.2878715991973877,1.1577568328561343,1.5515574206598184,0.509596406671395
Visite_ZNS,RASS,750,1.226480484008789,1.1753061419148658,1.5626390905346539,0.45159692324777034
Visite_ZNS,RASS,750,1.2689862251281738,1.0547762114227375,1.4356487013567132,0.5167184215563032
Visite_ZNS,RASS,1000,2.0066730976104736,1.174123407560584,1.536492803525505,0.4854609482739507
Visite_ZNS,RASS,1000,1.9958879947662354,1.1406856383491257,1.5226540996571731,0.4998489915863731
Visite_ZNS,RASS,1000,2.0092790126800537,1.174194045491109,1.5654808117624492,0.4710272607448399
Visite_ZNS,RASS,1000,1.9535953998565674,1.113361343670817,1.465064349685278,0.5220240655002054
Visite_ZNS,RASS,1000,1.9388799667358398,1.1342862439360408,1.5032301270412076,0.5171410248469549
Visite_ZNS,RASS,1000,1.9894671440124512,1.0988735195657353,1.4290661222739864,0.5700133041195945
Visite_ZNS,RASS,1000,2.0002782344818115,1.1747129883034995,1.5333020203152372,0.49026212077722753
Visite_ZNS,RASS,1000,2.000131845474243,1.1010490455138975,1.4746015309527416,0.5328561154753626
Visite_ZNS,RASS,1000,2.0529417991638184,1.0921860497496927,1.4523574419281622,0.536860670781304
Visite_ZNS,RASS,1000,1.9746007919311523,1.0687572351357661,1.438395286285999,0.5204652434675755
Visite_ZNS,RASS,2000,6.429518461227417,1.074348323244069,1.4320067261186764,0.552417266024955
Visite_ZNS,RASS,2000,6.497477769851685,1.037888274584582,1.3950251686334767,0.5831412175791715
Visite_ZNS,RASS,2000,6.394047260284424,1.1320665746009657,1.531317275622435,0.5104099649114169
Visite_ZNS,RASS,2000,6.5133538246154785,1.1068436031945807,1.4872688611930482,0.5275489298202722
Visite_ZNS,RASS,2000,6.594966411590576,1.0758282979595544,1.478735888301169,0.5039860079724259
Visite_ZNS,RASS,2000,6.648605585098267,1.0850783893995435,1.4605256220405098,0.5334366518759298
Visite_ZNS,RASS,2000,6.364619493484497,1.0612015021111392,1.4502529448196453,0.5402156037911817
Visite_ZNS,RASS,2000,6.531685829162598,1.0629688051322277,1.4366800818572774,0.5377885376094405
Visite_ZNS,RASS,2000,6.437925100326538,1.089740472538889,1.4580142383401264,0.5418442608152128
Visite_ZNS,RASS,2000,6.609814882278442,1.0253430136194233,1.3733864951239318,0.5657297110831352
Visite_ZNS,RASS,3000,13.5946524143219,1.0144381693260303,1.3629649825758692,0.5414255719356353
Visite_ZNS,RASS,3000,13.51059603691101,1.0757430715153191,1.5034769842842306,0.5473812845059325
Visite_ZNS,RASS,3000,13.610279083251953,1.076498943243426,1.471718064723114,0.5294856356407315
Visite_ZNS,RASS,3000,13.48527216911316,1.0248651569900498,1.394981883803864,0.570561196022414
Visite_ZNS,RASS,3000,13.09461760520935,1.0176429641138252,1.3706289228465935,0.6163932260658985
Visite_ZNS,RASS,3000,13.235255479812622,1.0434821935899563,1.3858997082235025,0.5578962436024825
Visite_ZNS,RASS,3000,13.407137870788574,1.0561357466209516,1.4474035784257349,0.5253565203156149
Visite_ZNS,RASS,3000,13.282135009765625,1.094419728477702,1.463846488296059,0.5379883479137151
Visite_ZNS,RASS,3000,13.157133340835571,0.9923076728705871,1.3734655631135841,0.5627881844220479
Visite_ZNS,RASS,3000,13.46964693069458,1.0570121600431868,1.449000119864788,0.5390798710302205
Visite_ZNS,RASS,4000,23.235917806625366,1.0482258999629104,1.4090262167431993,0.5463825207142403
Visite_ZNS,RASS,4000,23.17341446876526,1.0018808891103965,1.3807945247724167,0.6061765346347321
Visite_ZNS,RASS,4000,23.09528422355652,1.0195820516021967,1.3928620849249436,0.5681359080726814
Visite_ZNS,RASS,4000,23.032780170440674,1.0354997096015546,1.4021437606944092,0.5536249505823606
Visite_ZNS,RASS,4000,23.095282554626465,1.0403726450556552,1.4008568760898972,0.58148064928331
Visite_ZNS,RASS,4000,23.157794952392578,1.0158138344285663,1.377479134535308,0.576428197432842
Visite_ZNS,RASS,4000,22.985901355743408,1.0716325069961294,1.4375880339865172,0.5553696181419261
Visite_ZNS,RASS,4000,23.11090898513794,1.0712647683578809,1.4730503499814083,0.5266574886297902
Visite_ZNS,RASS,4000,23.65782070159912,1.043374016253144,1.4294004588994034,0.5425339453741971
Visite_ZNS,RASS,4000,23.43906331062317,1.022823196559137,1.3807294485070267,0.5958932910856117
Visite_ZNS,RASS,5000,35.06482696533203,1.031970694812963,1.4292502177777229,0.5768587687134602
Visite_ZNS,RASS,5000,35.471104860305786,1.0423285393425796,1.40417974874669,0.5726178378877401
Visite_ZNS,RASS,5000,34.90857458114624,1.0066545449923883,1.4228505684876145,0.5410153460321814
Visite_ZNS,RASS,5000,35.25234293937683,0.9986137152555346,1.395326528939164,0.5649537103244284
Visite_ZNS,RASS,5000,35.533607959747314,1.03376146695041,1.4270613779369858,0.5768141210179447
Visite_ZNS,RASS,5000,35.4242262840271,1.0508944476377267,1.417179682419707,0.5506070407651007
Visite_ZNS,RASS,5000,35.564860582351685,1.044091952295675,1.439232268169415,0.5496395790106547
Visite_ZNS,RASS,5000,35.03357529640198,1.0639441151847742,1.4461129248723066,0.5642460243921537
Visite_ZNS,RASS,5000,34.767932415008545,0.9965582945870801,1.3802397727111886,0.5633060054652982
Visite_ZNS,RASS,5000,35.48672914505005,1.0123756279956106,1.374585823831541,0.5947944186777577
Visite_ZNS,RASS,6000,49.331334590911865,1.0093587504588726,1.3840248380177143,0.5927313094151822
Visite_ZNS,RASS,6000,49.81580591201782,1.0063111369024882,1.3866324379648651,0.5976985446807616
Visite_ZNS,RASS,6000,49.66733407974243,0.9999174907794987,1.3650471852174497,0.5753829446489078
Visite_ZNS,RASS,6000,49.90956163406372,1.0223518301810886,1.4028743889877489,0.5692022258826395
Visite_ZNS,RASS,6000,50.003318786621094,1.0440377800214067,1.4156321365923508,0.5465980627040834
Visite_ZNS,RASS,6000,49.40953779220581,1.009280759409161,1.3631495869480204,0.5829748755279234
Visite_ZNS,RASS,6000,49.893935441970825,0.9972640812077956,1.3571581385174925,0.5760647616681355
Visite_ZNS,RASS,6000,49.097015380859375,1.043801508368574,1.4502889295870132,0.5605814478002948
Visite_ZNS,RASS,6000,49.440781354904175,0.9997845859511832,1.391413170057662,0.5557834860051267
Visite_ZNS,RASS,6000,49.94081473350525,1.0325308288958077,1.3956709047842062,0.5696318911497544
Visite_ZNS,RASS,7000,67.74174451828003,1.0001706276267053,1.3668158858630959,0.5993892653324053
Visite_ZNS,RASS,7000,67.08257699012756,0.9838199622175247,1.3489384270908695,0.5899136189108514
Visite_ZNS,RASS,7000,66.86593818664551,1.0216200757402216,1.412021156374694,0.5329960581714344
Visite_ZNS,RASS,7000,67.44575047492981,1.0888860586360716,1.5082748572980937,0.5277011531988207
Visite_ZNS,RASS,7000,66.78512716293335,1.0357245656161604,1.4454355958581775,0.5528792221597332
Visite_ZNS,RASS,7000,67.3947057723999,1.068028507760265,1.4998779991058897,0.527606542642464
Visite_ZNS,RASS,7000,68.82286834716797,1.0017342646851892,1.394387150007274,0.5714375245396164
Visite_ZNS,RASS,7000,68.99540305137634,0.9691514529321267,1.325977796298045,0.5995985739737008
Visite_ZNS,RASS,7000,68.05148649215698,1.0271414702016122,1.4161024193477547,0.5524224692725621
Visite_ZNS,RASS,7000,68.66286444664001,0.9562004528661043,1.3335141264897643,0.6035183328024439
Visite_ZNS,RASS,8000,88.57182145118713,0.9938721713911259,1.3897056397897927,0.5762271185029293
Visite_ZNS,RASS,8000,88.40876150131226,1.0126322420672944,1.403097794557481,0.5868124282016656
Visite_ZNS,RASS,8000,88.08805799484253,1.0198473774337644,1.3944126345064694,0.5851333603018551
Visite_ZNS,RASS,8000,88.78215289115906,0.997633737843805,1.3736623768263512,0.5832711295255697
Visite_ZNS,RASS,8000,88.61051273345947,0.9929652743769444,1.3869577232881618,0.58086723762666
Visite_ZNS,RASS,8000,88.0102014541626,1.0084146777670036,1.4250855028801388,0.5671174058362702
Visite_ZNS,RASS,8000,87.9451789855957,0.9998739377155673,1.357414029110377,0.603810483668463
Visite_ZNS,RASS,8000,88.37750363349915,1.0213857080352253,1.4133009420233924,0.556947257470878
Visite_ZNS,RASS,8000,88.5582025051117,1.043304313291722,1.4318760571576443,0.5496716124404089
Visite_ZNS,RASS,8000,88.9037835597992,0.9502278017645616,1.3065444939087536,0.6084705727525317
Visite_ZNS,RASS,9000,111.56901693344116,1.0500407024203051,1.4929733231253834,0.5204285728747635
Visite_ZNS,RASS,9000,111.48350429534912,0.9733258000447237,1.3449767855055375,0.5959408856317472
Visite_ZNS,RASS,9000,112.18272733688354,0.9394914676333449,1.3206470528940726,0.6205526188684558
Visite_ZNS,RASS,9000,111.20439624786377,0.9444811300552399,1.3052479596074016,0.6013846042479694
Visite_ZNS,RASS,9000,109.56660985946655,0.9843622174827651,1.3497216876316869,0.6005454920067753
Visite_ZNS,RASS,9000,109.5906150341034,0.971527505306466,1.356033897602114,0.5783354843264441
Visite_ZNS,RASS,9000,109.37057995796204,0.9963746991606401,1.3705173874788161,0.5659187135754642
Visite_ZNS,RASS,9000,109.3515613079071,0.9578557055622248,1.3159345189172964,0.6250720908759833
Visite_ZNS,RASS,9000,109.31984972953796,0.9950022700242523,1.3772711811587668,0.5649358206357618
Visite_ZNS,RASS,9000,110.30495047569275,0.9815093444413221,1.348867611960578,0.5903481203735472
Visite_ZNS,GCS,25,0.02600574493408203,3.667243363338364,4.120542038145355,0.09017436390754752
Visite_ZNS,GCS,25,0.0200042724609375,3.401582939043252,3.9282602826720137,0.17112050435592185
Visite_ZNS,GCS,25,0.028006315231323242,3.5064267041785504,4.277198107106186,0.02783758028921013
Visite_ZNS,GCS,25,0.021004438400268555,3.371799934454459,3.97926523395989,0.1377207191290455
Visite_ZNS,GCS,25,0.024004220962524414,4.105867423712476,4.629931483994391,-0.10917563681511488
Visite_ZNS,GCS,25,0.022005796432495117,3.4258255576876735,4.143478347916912,0.050830759107807655
Visite_ZNS,GCS,25,0.023006200790405273,3.695859882944726,4.475966328008114,-0.06099108838285394
Visite_ZNS,GCS,25,0.02200484275817871,3.519214119051767,4.15883477330081,0.09982560736123491
Visite_ZNS,GCS,25,0.023005247116088867,3.4931373870548303,4.01927159053286,0.13093412459036058
Visite_ZNS,GCS,25,0.025004863739013672,3.5000520901018817,4.036281631901451,0.1343929093989531
Visite_ZNS,GCS,50,0.04501008987426758,3.3475546086218717,4.121965663942896,0.07973223729523216
Visite_ZNS,GCS,50,0.04400968551635742,3.270383924786928,3.977905409295281,0.1606280646997501
Visite_ZNS,GCS,50,0.042009592056274414,3.3338826820161693,4.093934500036986,0.11036180181672495
Visite_ZNS,GCS,50,0.04300951957702637,3.323926831911563,4.109001475940414,0.06960288812430149
Visite_ZNS,GCS,50,0.0400090217590332,3.5538447682128442,4.357643086276579,-0.024724907403155028
Visite_ZNS,GCS,50,0.042009592056274414,3.394020818154258,3.839663662340586,0.20987455547663958
Visite_ZNS,GCS,50,0.04300951957702637,3.3790119227636723,4.088160170627489,0.10270451172850603
Visite_ZNS,GCS,50,0.04601025581359863,3.401972289853488,4.000322179533335,0.15218240040032138
Visite_ZNS,GCS,50,0.04600191116333008,3.305557794850605,3.9875006555890185,0.13465452584840398
Visite_ZNS,GCS,50,0.04400992393493652,3.468900311596397,4.2182709265505585,0.03712687740857068
Visite_ZNS,GCS,100,0.08401870727539062,3.0204026756714395,3.7927103232903496,0.20260889869039622
Visite_ZNS,GCS,100,0.09002017974853516,3.0214976733915564,3.54219916742945,0.31168666771859377
Visite_ZNS,GCS,100,0.0980222225189209,3.139532633066946,3.6861594651137364,0.28126343178742663
Visite_ZNS,GCS,100,0.09302115440368652,2.9559838478782505,3.613432966415112,0.2789160116538779
Visite_ZNS,GCS,100,0.0890200138092041,3.134070275574219,3.6113904323373296,0.31466806505498557
Visite_ZNS,GCS,100,0.09202051162719727,3.127642813430648,3.681362554787151,0.2626755171926577
Visite_ZNS,GCS,100,0.09302091598510742,2.89285873093139,3.428103447630441,0.345732575578639
Visite_ZNS,GCS,100,0.08701968193054199,3.179030906476888,3.6632543781918114,0.30533756563833436
Visite_ZNS,GCS,100,0.08301877975463867,3.154094526319991,3.7950372187685426,0.22967796220857495
Visite_ZNS,GCS,100,0.09002041816711426,3.037400332967791,3.6215415747856348,0.28945251089865753
Visite_ZNS,GCS,250,0.2710609436035156,2.6105582563172076,3.0751096952577543,0.49305654551669
Visite_ZNS,GCS,250,0.2670602798461914,2.6106272015796486,3.1210475886885725,0.4954876623207295
Visite_ZNS,GCS,250,0.26605916023254395,2.5657712272501105,3.0695003097660956,0.5124833722069924
Visite_ZNS,GCS,250,0.25305676460266113,2.620255354150452,3.1239992764952773,0.4959809390261366
Visite_ZNS,GCS,250,0.2660512924194336,2.600385992135194,3.055960047212665,0.4980972559935166
Visite_ZNS,GCS,250,0.2580575942993164,2.5033235053456484,2.963376032743024,0.5141067381115698
Visite_ZNS,GCS,250,0.2890651226043701,2.5949896789150473,3.094675476981088,0.4797333586216721
Visite_ZNS,GCS,250,0.26105809211730957,2.4952621365952345,3.0478660526894408,0.518523711468734
Visite_ZNS,GCS,250,0.270052433013916,2.568833554642735,3.1248203496160003,0.49114146423682037
Visite_ZNS,GCS,250,0.2810633182525635,2.565617303613286,3.0399887840606423,0.48959947947696025
Visite_ZNS,GCS,500,0.7191619873046875,2.2039252347905074,2.6422196916396223,0.6172626469243006
Visite_ZNS,GCS,500,0.702157735824585,2.284085371067754,2.7512376105014287,0.5965854048937751
Visite_ZNS,GCS,500,0.7351655960083008,2.302908118762885,2.810931097713535,0.5824535351289124
Visite_ZNS,GCS,500,0.7441673278808594,2.2254732650025133,2.8198227241927296,0.563368379661288
Visite_ZNS,GCS,500,0.7011492252349854,2.3476461851065555,2.8755799418194403,0.5578421608231237
Visite_ZNS,GCS,500,0.7191612720489502,2.323021571460581,2.8513757610789874,0.561299172365241
Visite_ZNS,GCS,500,0.7891771793365479,2.2641596200065632,2.760823596404593,0.6027937035383566
Visite_ZNS,GCS,500,0.7461678981781006,2.2253890115843125,2.71860515585429,0.6090922639291014
Visite_ZNS,GCS,500,0.6701505184173584,2.379046483457806,2.904109426719734,0.5485674035755108
Visite_ZNS,GCS,500,0.7761657238006592,2.4169257491901863,2.9084513184542193,0.5686333576754643
Visite_ZNS,GCS,750,1.381310224533081,2.080037976638259,2.560579168503605,0.6469908497340403
Visite_ZNS,GCS,750,1.3723082542419434,2.1231683251306004,2.6448597177695157,0.6294817166458662
Visite_ZNS,GCS,750,1.4193179607391357,2.1949388328350055,2.73379557399237,0.6022273663052669
Visite_ZNS,GCS,750,1.363297700881958,2.1435367454337664,2.6473055852748066,0.6224747154685338
Visite_ZNS,GCS,750,1.3643064498901367,2.1395480397189193,2.6080225349998365,0.6461177241575973
Visite_ZNS,GCS,750,1.3643896579742432,2.1633928669035987,2.663245390586344,0.6417011028514934
Visite_ZNS,GCS,750,1.377309799194336,2.0207044053855547,2.524075036338108,0.6482226510183686
Visite_ZNS,GCS,750,1.3132948875427246,2.0857583135529563,2.5646508964303316,0.6302382610190997
Visite_ZNS,GCS,750,1.4153180122375488,2.1231993155381312,2.6149679633996388,0.6368986150858993
Visite_ZNS,GCS,750,1.4013147354125977,2.1764663713122965,2.68787328298595,0.6263026335080162
Visite_ZNS,GCS,1000,2.232501268386841,2.0040165801180456,2.52195717369515,0.6484947401635908
Visite_ZNS,GCS,1000,2.2014946937561035,1.9491975733459859,2.416544153958336,0.6686423239937711
Visite_ZNS,GCS,1000,2.173487901687622,1.9978519320563624,2.491072109412249,0.6808972002250071
Visite_ZNS,GCS,1000,2.1514830589294434,1.983952721033255,2.493749732181986,0.665586023268687
Visite_ZNS,GCS,1000,2.1094744205474854,2.095560204752878,2.6256383122165223,0.6363904969125669
Visite_ZNS,GCS,1000,2.142481565475464,2.0041009672012167,2.502742280909253,0.6635432045622425
Visite_ZNS,GCS,1000,2.1424810886383057,2.000923672222389,2.466482526310219,0.6711054390953628
Visite_ZNS,GCS,1000,2.133479356765747,1.9881483651460163,2.5169013327919223,0.6495681875255155
Visite_ZNS,GCS,1000,2.1644859313964844,1.967363493921191,2.469883290664016,0.6622196567934291
Visite_ZNS,GCS,1000,2.181489944458008,1.9976677048029003,2.48891004561672,0.6683722059528577
Visite_ZNS,GCS,2000,7.022577524185181,1.8650015221036582,2.4483898727979816,0.678227120982781
Visite_ZNS,GCS,2000,6.9065515995025635,1.8703205060123913,2.4232875724580074,0.694407768629568
Visite_ZNS,GCS,2000,6.816530704498291,1.801105981878421,2.3263246590700017,0.7079855653598741
Visite_ZNS,GCS,2000,6.993570804595947,1.8285040668062547,2.3582444246012586,0.7049836898235398
Visite_ZNS,GCS,2000,7.173611402511597,1.8949200789751066,2.4353634007000213,0.6712845257697873
Visite_ZNS,GCS,2000,7.04158091545105,1.8555359250460315,2.370388537126883,0.7046670678061997
Visite_ZNS,GCS,2000,6.986568927764893,1.827379289790409,2.347047871197213,0.7051772155986465
Visite_ZNS,GCS,2000,6.963563919067383,1.8071336834794924,2.3671407350648086,0.6919444451229309
Visite_ZNS,GCS,2000,6.957562685012817,1.9258794066417888,2.4756204062488187,0.6805907110074881
Visite_ZNS,GCS,2000,7.092592716217041,1.8142265754588855,2.3068638556476033,0.7230796152617354
Visite_ZNS,GCS,3000,14.673295974731445,1.8329009895188937,2.385753409306997,0.6949747678988181
Visite_ZNS,GCS,3000,14.616411924362183,1.714087711597079,2.207104809073959,0.7320050134997126
Visite_ZNS,GCS,3000,14.597278594970703,1.7775904988814666,2.272135210887441,0.7162553735093857
Visite_ZNS,GCS,3000,14.53426456451416,1.8892195438188268,2.4712357049821336,0.6672866789343235
Visite_ZNS,GCS,3000,15.026374816894531,1.850493639186911,2.4421376017588226,0.6903277990272627
Visite_ZNS,GCS,3000,14.74931263923645,1.812790084970898,2.345469767017986,0.6961849780564529
Visite_ZNS,GCS,3000,14.346221923828125,1.7776010774129085,2.2626528793462013,0.7270991387322272
Visite_ZNS,GCS,3000,14.722306728363037,1.7810689222710874,2.299496445096223,0.7225162260827058
Visite_ZNS,GCS,3000,14.798323631286621,1.8686070256129048,2.450045869767016,0.6979815678316847
Visite_ZNS,GCS,3000,14.782320022583008,1.821831128381702,2.358390679556674,0.7054648440554281
Visite_ZNS,GCS,4000,25.447847366333008,1.837932280594845,2.3795815736071746,0.6996367911996217
Visite_ZNS,GCS,4000,25.824800491333008,1.7373184535952966,2.24693063840542,0.7200378576646247
Visite_ZNS,GCS,4000,25.223665237426758,1.7698682620683823,2.2696630448157413,0.7301534658458742
Visite_ZNS,GCS,4000,25.843804597854614,1.6709617119860303,2.227484382154418,0.7249848032180335
Visite_ZNS,GCS,4000,25.428781986236572,1.764840704720865,2.3142626593908475,0.7209183891729412
Visite_ZNS,GCS,4000,25.44371485710144,1.771096060771789,2.3233854116119836,0.7128126719426076
Visite_ZNS,GCS,4000,25.499727249145508,1.8002337529698902,2.3508326107050803,0.6924297833476247
Visite_ZNS,GCS,4000,25.4807231426239,1.7159249000064563,2.2491573864143257,0.7239305390850339
Visite_ZNS,GCS,4000,25.572815656661987,1.7601828146315734,2.2745347594668193,0.7236052453520889
Visite_ZNS,GCS,4000,25.209662199020386,1.748101861484611,2.2822049726261704,0.717397702459404
Visite_ZNS,GCS,5000,38.83379793167114,1.7939500123739207,2.373813519091705,0.6989706047152371
Visite_ZNS,GCS,5000,38.6898729801178,1.692626881418802,2.2432898481257952,0.7142084998041708
Visite_ZNS,GCS,5000,38.80271506309509,1.7077244524313817,2.253897727525229,0.7297431392663546
Visite_ZNS,GCS,5000,38.867730140686035,1.6848374900442695,2.1939391117793825,0.73322955081331
Visite_ZNS,GCS,5000,38.563754081726074,1.734219899576779,2.2824787987035866,0.7205786443601598
Visite_ZNS,GCS,5000,38.68977212905884,1.7894849986140458,2.3687044314564307,0.7029756280551336
Visite_ZNS,GCS,5000,39.53105282783508,1.7319983733781608,2.280769937612199,0.7292384643283538
Visite_ZNS,GCS,5000,38.18657684326172,1.6801521227531717,2.171955307598943,0.7554549790162141
Visite_ZNS,GCS,5000,38.7387011051178,1.7247928478794874,2.261989275831067,0.7242839878522996
Visite_ZNS,GCS,5000,39.28582286834717,1.8048688141098335,2.366264166844361,0.6991498484713685
Visite_ZNS,GCS,6000,55.04036259651184,1.6882844594945419,2.2342908340955923,0.7364710352939288
Visite_ZNS,GCS,6000,55.322614431381226,1.6751899888409356,2.257663204503175,0.7398506690677129
Visite_ZNS,GCS,6000,54.808380126953125,1.7033421451904567,2.2610959982830674,0.723794954637669
Visite_ZNS,GCS,6000,54.921406269073486,1.6432422846933346,2.191667217221599,0.7385850151783214
Visite_ZNS,GCS,6000,55.12545728683472,1.639419991087238,2.1675613808332943,0.7508542208126529
Visite_ZNS,GCS,6000,55.13338351249695,1.7207116044928759,2.2495056107404343,0.7254915404325044
Visite_ZNS,GCS,6000,55.14938712120056,1.7536718111191285,2.2998635976118043,0.7262137549227243
Visite_ZNS,GCS,6000,54.71328926086426,1.6748989101209433,2.1837840120676195,0.7479392580429332
Visite_ZNS,GCS,6000,55.18946814537048,1.6795746333675343,2.22802467117611,0.7337668459879245
Visite_ZNS,GCS,6000,54.85732078552246,1.7086500921855887,2.223556413174321,0.7454611485331926
Visite_ZNS,GCS,7000,73.07549905776978,1.693842832300361,2.265153096859324,0.7354192306702716
Visite_ZNS,GCS,7000,73.28754878044128,1.5858101503881956,2.1035291798112663,0.7576696839430732
Visite_ZNS,GCS,7000,73.30354022979736,1.714092374243414,2.262058130789512,0.7272279298584581
Visite_ZNS,GCS,7000,73.7435929775238,1.68894326818453,2.218571529320234,0.7335023677388695
Visite_ZNS,GCS,7000,74.04101324081421,1.6789125013542756,2.2375252197986955,0.7278141305036041
Visite_ZNS,GCS,7000,73.29339241981506,1.6975846547710636,2.2472219213835203,0.7195851707081904
Visite_ZNS,GCS,7000,73.90660881996155,1.6946973484755055,2.255715441116517,0.7208174206074662
Visite_ZNS,GCS,7000,74.10975623130798,1.6642991804700265,2.183000424434312,0.7539660890698477
Visite_ZNS,GCS,7000,73.60428380966187,1.6442202268536188,2.1927483726455943,0.7324205135022324
Visite_ZNS,GCS,7000,73.32460594177246,1.7637430813248125,2.2721242599819393,0.724213385041738
Visite_ZNS,GCS,8000,96.1962661743164,1.5848141613007005,2.1244885404989153,0.7523232091578888
Visite_ZNS,GCS,8000,95.15878915786743,1.6694677925136832,2.1805683269015006,0.7417847864559253
Visite_ZNS,GCS,8000,95.20314049720764,1.6355874033200932,2.178784026350067,0.7392186979898943
Visite_ZNS,GCS,8000,96.57221364974976,1.6345178903450541,2.210271626397812,0.7404883319919825
Visite_ZNS,GCS,8000,97.5351459980011,1.7100902199093246,2.2700220820275896,0.7180933277408147
Visite_ZNS,GCS,8000,97.0175096988678,1.6646958845827626,2.198362701046812,0.7384282947106764
Visite_ZNS,GCS,8000,97.56703329086304,1.6729901667485743,2.1823099697887183,0.7498133609488595
Visite_ZNS,GCS,8000,96.49195408821106,1.6579922246054029,2.2132226508300605,0.7355111443019633
Visite_ZNS,GCS,8000,96.09174752235413,1.619403794705126,2.1529733382892693,0.741674105512969
Visite_ZNS,GCS,8000,96.6321702003479,1.639485087279055,2.1712980174061887,0.7463590416455479
Visite_ZNS,GCS,9000,122.07480216026306,1.7798230699611044,2.367070576186003,0.7091752110835016
Visite_ZNS,GCS,9000,122.78297662734985,1.6251534646740202,2.184059045785811,0.743472255359644
Visite_ZNS,GCS,9000,122.5262463092804,1.6990364792016905,2.2835426897452917,0.717822036508625
Visite_ZNS,GCS,9000,127.70691347122192,1.658063156865321,2.1586290056143307,0.7490315946876611
Visite_ZNS,GCS,9000,124.96337819099426,1.6286079079972215,2.1682279081648117,0.7527696067833909
Visite_ZNS,GCS,9000,122.4542760848999,1.6807342970142813,2.20643517118631,0.7471644597898617
Visite_ZNS,GCS,9000,122.98551058769226,1.633953130969197,2.1287788561883825,0.7523280402845205
Visite_ZNS,GCS,9000,123.95998811721802,1.6124876785618103,2.164355022376063,0.7305341774156675
Visite_ZNS,GCS,9000,122.49304747581482,1.5797399584103151,2.1107831356131044,0.7666364092121629
Visite_ZNS,GCS,9000,122.14750528335571,1.6684552061397644,2.2290044788005363,0.7324183172551741
Visite_Pflege,RASS,25,0.04687809944152832,1.6896355102786937,2.0320492934006835,0.0674943969574694
Visite_Pflege,RASS,25,0.04687809944152832,1.7239244736685961,2.235791502951131,-0.07950691577233893
Visite_Pflege,RASS,25,0.04687809944152832,1.6228710923220249,2.050580226583329,0.03767738182727176
Visite_Pflege,RASS,25,0.032036781311035156,1.6691720362857496,2.1563167618887324,-0.03480528670334837
Visite_Pflege,RASS,25,0.03900861740112305,1.6070050517786714,2.02473109366988,0.07077421843864495
Visite_Pflege,RASS,25,0.03125190734863281,1.9546918692798987,2.2131812481512183,-0.06772497455428383
Visite_Pflege,RASS,25,0.04608511924743652,1.7057465814073935,2.1480047728141507,-0.017319296426948405
Visite_Pflege,RASS,25,0.04701042175292969,1.654550126712953,2.0924019659702977,0.01928327920388362
Visite_Pflege,RASS,25,0.04687809944152832,1.669036237515102,2.1155574296204223,-0.007680391929197672
Visite_Pflege,RASS,25,0.04687833786010742,1.671715131974026,2.159685163050334,-0.0013396314941493959
Visite_Pflege,RASS,50,0.10938096046447754,1.6288387039195344,2.06380679269649,0.054839965910901345
Visite_Pflege,RASS,50,0.09375619888305664,1.67010746774593,2.1468880860986714,-0.005823192652745446
Visite_Pflege,RASS,50,0.10938286781311035,1.6032669527043102,2.098417803078451,-0.018450728903750324
Visite_Pflege,RASS,50,0.07813143730163574,1.616046558443175,2.0297788070839693,0.07618115771772449
Visite_Pflege,RASS,50,0.07813096046447754,1.7439322928641816,2.0345844663364376,0.046091646196224634
Visite_Pflege,RASS,50,0.09375596046447754,1.639499514274294,2.0470108451043125,0.09894774643586113
Visite_Pflege,RASS,50,0.0937643051147461,1.6167555511683467,2.042401672920585,0.0607643853818578
Visite_Pflege,RASS,50,0.09375572204589844,1.7311314849574442,2.2816407507978824,-0.0891448006202622
Visite_Pflege,RASS,50,0.09375643730163574,1.6266239317364488,2.0371818651318288,0.07081543264777113
Visite_Pflege,RASS,50,0.09375643730163574,1.5987201868781122,1.9799877545144933,0.09872335770224816
Visite_Pflege,RASS,100,0.17188596725463867,1.5960058304613849,2.0397937032891518,0.07388033910767433
Visite_Pflege,RASS,100,0.18752026557922363,1.5696500714617387,1.9918522281473683,0.08707856677791226
Visite_Pflege,RASS,100,0.18751192092895508,1.6322026941880465,2.1189310656438476,0.04493227947702216
Visite_Pflege,RASS,100,0.17188572883605957,1.6207470164283913,2.0464517130023427,0.10696686587709858
Visite_Pflege,RASS,100,0.2187643051147461,1.5391996727319748,1.9769449862873913,0.06269907272476105
Visite_Pflege,RASS,100,0.17188596725463867,1.5647474043601344,2.0144836747964687,0.09286827699805877
Visite_Pflege,RASS,100,0.23030710220336914,1.5479643117399067,1.904238969455812,0.1547294685670686
Visite_Pflege,RASS,100,0.17187833786010742,1.5370418810905457,1.965887572266469,0.12355541562836736
Visite_Pflege,RASS,100,0.17189383506774902,1.5457254161696918,1.9665236213462722,0.12791175388390175
Visite_Pflege,RASS,100,0.18751239776611328,1.5853628986508894,2.0595821381290924,0.029385922878499282
Visite_Pflege,RASS,250,0.5937895774841309,1.435073788241762,1.827578915735796,0.25117754270203196
Visite_Pflege,RASS,250,0.6406676769256592,1.474820164732627,1.8813489944471864,0.18720301199640688
Visite_Pflege,RASS,250,0.6250412464141846,1.4736122826406535,1.8718249870099084,0.24333095301148144
Visite_Pflege,RASS,250,0.6434760093688965,1.4449522521970837,1.8362625351384598,0.24585446580190018
Visite_Pflege,RASS,250,0.6158373355865479,1.4782739380260295,1.868338683695333,0.23328312139466378
Visite_Pflege,RASS,250,0.6268906593322754,1.4814390664983534,1.9029030669868374,0.2037748521089371
Visite_Pflege,RASS,250,0.5937976837158203,1.4630547015914455,1.8711858374224195,0.1900677196154239
Visite_Pflege,RASS,250,0.6406755447387695,1.4302479034518958,1.8187754853779254,0.2295049005264964
Visite_Pflege,RASS,250,0.6250498294830322,1.529667672608474,1.9465433136159682,0.18157187209577375
Visite_Pflege,RASS,250,0.6406674385070801,1.5421462389220293,1.956543997084098,0.19698526057980992
Visite_Pflege,RASS,500,1.5170533657073975,1.361210431086146,1.7197401998982422,0.3464888895293392
Visite_Pflege,RASS,500,1.5938429832458496,1.3504140112883118,1.736917775009678,0.3191570135757328
Visite_Pflege,RASS,500,1.580984115600586,1.3332522008533148,1.6922735922539256,0.34110598985495555
Visite_Pflege,RASS,500,1.621368169784546,1.3834376370757018,1.7813422452098806,0.29461308967055244
Visite_Pflege,RASS,500,1.6701457500457764,1.424403886596548,1.7898055348674649,0.2974423034139796
Visite_Pflege,RASS,500,1.5529437065124512,1.3908462061532918,1.7790844931197605,0.2920525701459078
Visite_Pflege,RASS,500,1.546985387802124,1.321881660201888,1.6941632443509675,0.3367711668107506
Visite_Pflege,RASS,500,1.6563596725463867,1.3501533621077288,1.7388220310197584,0.3117102388445394
Visite_Pflege,RASS,500,1.640732765197754,1.3034201502784242,1.6835747964151841,0.3523138757701709
Visite_Pflege,RASS,500,1.6407339572906494,1.3477496445292332,1.7191500011681906,0.33687971199046907
Visite_Pflege,RASS,750,2.8283209800720215,1.355243242087935,1.729619442531249,0.31600923242162804
Visite_Pflege,RASS,750,2.8908259868621826,1.3620774401937212,1.7382157631929478,0.36150271808570433
Visite_Pflege,RASS,750,3.0002071857452393,1.3216586652710485,1.706679487425317,0.35886689881211065
Visite_Pflege,RASS,750,2.890810966491699,1.2284728455102765,1.5772444209394303,0.4005189790955036
Visite_Pflege,RASS,750,2.9533281326293945,1.3424401411804419,1.7172034474424676,0.3449698929000209
Visite_Pflege,RASS,750,2.9376962184906006,1.311837662804822,1.712455292005254,0.32430243036191087
Visite_Pflege,RASS,750,2.9220681190490723,1.332875842770772,1.7190644407861804,0.32880067802263446
Visite_Pflege,RASS,750,2.8908166885375977,1.3444937833970698,1.7134184893059077,0.3279325672649738
Visite_Pflege,RASS,750,2.968938112258911,1.2920849792221034,1.6534871962790878,0.357948439863907
Visite_Pflege,RASS,750,2.828312397003174,1.344993859024005,1.7218140716049348,0.35586945214148336
Visite_Pflege,RASS,1000,4.359672784805298,1.2625462177954088,1.6148753316044335,0.430416947336946
Visite_Pflege,RASS,1000,4.328412055969238,1.2704145594193488,1.6445480400750767,0.3835495519053791
Visite_Pflege,RASS,1000,4.6096837520599365,1.2623600595121478,1.623503015014428,0.4039197309162603
Visite_Pflege,RASS,1000,4.578437805175781,1.2464209878024268,1.5842723241484182,0.4518750852650891
Visite_Pflege,RASS,1000,4.4065423011779785,1.2780938190529503,1.6415683689320475,0.39252779308426
Visite_Pflege,RASS,1000,4.500298023223877,1.218994865779478,1.5473015694246524,0.4578039222083162
Visite_Pflege,RASS,1000,4.562802791595459,1.2682591961954157,1.6401774728002416,0.39678971645847894
Visite_Pflege,RASS,1000,4.562803268432617,1.2155894061165766,1.5871142597508159,0.4225150339291639
Visite_Pflege,RASS,1000,4.484674453735352,1.3309085838200474,1.7080791752093114,0.3744195692575887
Visite_Pflege,RASS,1000,4.469047546386719,1.2189947354534238,1.590771961786191,0.41435220292822417
Visite_Pflege,RASS,2000,14.313462734222412,1.2023407679332194,1.5421917531020155,0.48241667820010026
Visite_Pflege,RASS,2000,14.422837018966675,1.1869539628752936,1.5512215640463887,0.46516419208517323
Visite_Pflege,RASS,2000,14.344703912734985,1.2245928773295,1.5840851137314993,0.44867628127224846
Visite_Pflege,RASS,2000,14.438459873199463,1.155918972211709,1.4813127821009497,0.4772040422947841
Visite_Pflege,RASS,2000,14.375959157943726,1.1725711523771698,1.5257974612830028,0.47310303298667433
Visite_Pflege,RASS,2000,14.110315084457397,1.1576745695077246,1.506578620412146,0.47885563482295657
Visite_Pflege,RASS,2000,14.391579627990723,1.2519000615394975,1.6169699215873619,0.4388034478693117
Visite_Pflege,RASS,2000,14.360327959060669,1.247097044697001,1.63238712054461,0.41799526843065193
Visite_Pflege,RASS,2000,14.204068183898926,1.2175043043461842,1.5956580222670658,0.4184581571814635
Visite_Pflege,RASS,2000,14.469712257385254,1.2327815587873916,1.5974554715369305,0.42992941123597606
Visite_Pflege,RASS,3000,29.236315488815308,1.142261111246449,1.4991952465760068,0.48865857894271303
Visite_Pflege,RASS,3000,28.955041885375977,1.2024121796094227,1.5624801515287912,0.46624451257757404
Visite_Pflege,RASS,3000,29.51758050918579,1.1932595515502527,1.574846534209747,0.45713300591440575
Visite_Pflege,RASS,3000,29.345698833465576,1.1646357682829331,1.5317714087077203,0.47873884452066273
Visite_Pflege,RASS,3000,29.79884910583496,1.137120677123742,1.4865270048331105,0.4933856716598153
Visite_Pflege,RASS,3000,29.392584323883057,1.1501262451362613,1.5135428089181684,0.48820008028883455
Visite_Pflege,RASS,3000,29.783231019973755,1.1618770418078188,1.537618802028064,0.47369123998030815
Visite_Pflege,RASS,3000,29.408198356628418,1.187224772896338,1.544151422779919,0.4450104982158507
Visite_Pflege,RASS,3000,29.11130666732788,1.1343438321468147,1.4856842422829895,0.4814835432485549
Visite_Pflege,RASS,3000,30.048872470855713,1.1720429107566475,1.5057157512745538,0.49199981724283026
Visite_Pflege,RASS,4000,49.69080638885498,1.2125518387280454,1.5714421153699771,0.4393823878787696
Visite_Pflege,RASS,4000,50.67523956298828,1.142415959409855,1.4879385314602462,0.5252678031126008
Visite_Pflege,RASS,4000,50.15957951545715,1.1250858074986754,1.4713011342675875,0.5139250466158429
Visite_Pflege,RASS,4000,50.37834334373474,1.1280451352688066,1.5046734714648293,0.48941808149492594
Visite_Pflege,RASS,4000,49.65953969955444,1.1844496902384622,1.543953343521038,0.4838908743184519
Visite_Pflege,RASS,4000,50.44084668159485,1.127991878046853,1.4564628185771786,0.5355638155435071
Visite_Pflege,RASS,4000,49.51890969276428,1.1142577159505611,1.4652576954567507,0.510603027429227
Visite_Pflege,RASS,4000,50.07631492614746,1.1409961021467643,1.5100967451300737,0.510009413581612
Visite_Pflege,RASS,4000,53.37034869194031,1.0885374356275692,1.4376836443108787,0.5142695184631606
Visite_Pflege,RASS,4000,50.194138526916504,1.1839341895698903,1.5604341385878169,0.44467966979598683
Visite_Pflege,RASS,5000,75.7041027545929,1.1623623888193082,1.5257099519592086,0.4901670143229574
Visite_Pflege,RASS,5000,75.20713424682617,1.0990296851064547,1.4448563771468788,0.501468542451508
Visite_Pflege,RASS,5000,75.2833890914917,1.048429332538317,1.4020255192004896,0.547604310645665
Visite_Pflege,RASS,5000,74.86943030357361,1.0911279511113958,1.441640920371678,0.5226744234838986
Visite_Pflege,RASS,5000,77.37484622001648,1.1076464496477976,1.4549685414146696,0.5166306529946709
Visite_Pflege,RASS,5000,76.32607316970825,1.1079396421837233,1.4611689610771528,0.5276896433970171
Visite_Pflege,RASS,5000,77.58578610420227,1.0883293798827967,1.4400434248378176,0.5244465361590938
Visite_Pflege,RASS,5000,77.90663838386536,1.1192252580109934,1.485562398469364,0.49837078953714964
Visite_Pflege,RASS,5000,75.85456418991089,1.1665251749960226,1.515334516727218,0.5064297824078325
Visite_Pflege,RASS,5000,75.87383556365967,1.101768350704115,1.4610174923264214,0.5146978023603862
Visite_Pflege,RASS,6000,108.00671076774597,1.1068581112718094,1.4707039454950672,0.4956784442118315
Visite_Pflege,RASS,6000,108.23734641075134,1.111281133581881,1.4701376400002877,0.5145263996513854
Visite_Pflege,RASS,6000,106.01340794563293,1.176761013959943,1.52850416381132,0.4800974728844807
Visite_Pflege,RASS,6000,106.29658555984497,1.152364109399482,1.5129146320580515,0.47669589863660145
Visite_Pflege,RASS,6000,108.18434381484985,1.1068927489084834,1.4360104892063545,0.5246777595042675
Visite_Pflege,RASS,6000,106.40985608100891,1.120838215549093,1.471121309308427,0.5348610789545516
Visite_Pflege,RASS,6000,107.08829140663147,1.0854834879751734,1.424079048088384,0.5414318499360722
Visite_Pflege,RASS,6000,106.59137868881226,1.1347173326795827,1.5095536890072543,0.49248627904898423
Visite_Pflege,RASS,6000,106.48261642456055,1.107092715951564,1.4633710167275809,0.528010261095671
Visite_Pflege,RASS,6000,107.28583192825317,1.1111514047119009,1.5060955045354434,0.501511148738161
Visite_Pflege,RASS,7000,144.45835304260254,1.144130152188666,1.5112157239077864,0.4963006254551975
Visite_Pflege,RASS,7000,144.70497393608093,1.1434497891883848,1.526787366208994,0.5015694015519037
Visite_Pflege,RASS,7000,141.87520933151245,1.1305029465766465,1.4867661632227156,0.5154918163927712
Visite_Pflege,RASS,7000,144.11017751693726,1.1070060764584069,1.4649316041721832,0.5341874279577923
Visite_Pflege,RASS,7000,143.13604021072388,1.1031647333070078,1.4576468262493145,0.5159507301344802
Visite_Pflege,RASS,7000,144.82193803787231,1.06548789154638,1.439360836250255,0.5202251088636345
Visite_Pflege,RASS,7000,144.9841434955597,1.0922529198330702,1.4516334379222757,0.5388568719156939
Visite_Pflege,RASS,7000,142.25192594528198,1.114709371824465,1.4648292822098141,0.5208672062508456
Visite_Pflege,RASS,7000,142.78317427635193,1.1591099975221577,1.5254049915581365,0.4783421925715511
Visite_Pflege,RASS,7000,142.57917523384094,1.0912066664325766,1.4212878214144455,0.5423716211416723
Visite_Pflege,RASS,8000,183.94320797920227,1.0825830398544154,1.4386709024422115,0.5551089037086288
Visite_Pflege,RASS,8000,184.41157245635986,1.0779295970052696,1.4379600752745254,0.5197045242922396
Visite_Pflege,RASS,8000,181.89337396621704,1.1334713194103194,1.5008019755048063,0.4964299100446493
Visite_Pflege,RASS,8000,184.4105293750763,1.0860815723799497,1.440221416606221,0.5250538079721755
Visite_Pflege,RASS,8000,185.27668380737305,1.0720215087677667,1.4434621580988596,0.5285375580364644
Visite_Pflege,RASS,8000,183.31580567359924,1.0999306771606934,1.4393987817896956,0.5383510708019407
Visite_Pflege,RASS,8000,184.62885093688965,1.0760782121539523,1.4256937512971224,0.5383432453006143
Visite_Pflege,RASS,8000,183.8846471309662,1.085295545251155,1.4538620538521494,0.5310775420110059
Visite_Pflege,RASS,8000,183.09779143333435,1.0744370561587744,1.4325822902915153,0.5101197628627461
Visite_Pflege,RASS,8000,184.56689620018005,1.0746706011841771,1.434650558626503,0.533384412467371
Visite_Pflege,RASS,9000,230.92367815971375,1.108658983685396,1.467356648870495,0.5235987349755089
Visite_Pflege,RASS,9000,228.68379664421082,1.0627171454289819,1.4192888319406374,0.5323353602388355
Visite_Pflege,RASS,9000,228.34542775154114,1.1102648253191236,1.4744510324975009,0.5389820294166534
Visite_Pflege,RASS,9000,229.33927083015442,1.0860631594196173,1.4329404751861101,0.5540838853735494
Visite_Pflege,RASS,9000,228.6056888103485,1.088274899926576,1.4497853381749883,0.5568313563274729
Visite_Pflege,RASS,9000,231.1868691444397,1.0762834536338872,1.4371111723765138,0.5097790701892608
Visite_Pflege,RASS,9000,230.28468918800354,1.1239942122705093,1.500282544244371,0.5040783092477337
Visite_Pflege,RASS,9000,229.41234874725342,1.1418219309606417,1.4923584800176481,0.5182696487709832
Visite_Pflege,RASS,9000,230.14716243743896,1.0579913692566878,1.421308299789507,0.527526025945609
Visite_Pflege,RASS,9000,230.89822244644165,1.0931861074182891,1.4592002488525566,0.539509872432371
Visite_Pflege,GCS,25,0.047896623611450195,3.44783039137616,4.190738391238504,-0.02282592133340322
Visite_Pflege,GCS,25,0.048203468322753906,3.8129101565630945,4.845130410067026,-0.2773471320253713
Visite_Pflege,GCS,25,0.042969465255737305,3.7094027537476175,4.5368957147800915,-0.16075692038615963
Visite_Pflege,GCS,25,0.04574751853942871,3.5217889657357784,4.113061356490042,0.042686660786896424
Visite_Pflege,GCS,25,0.04806923866271973,3.8807326674566207,4.831367154709148,-0.24410985764076543
Visite_Pflege,GCS,25,0.02712416648864746,3.581756863224973,4.452473965761286,-0.09663014293330852
Visite_Pflege,GCS,25,0.03476238250732422,3.4318798636636956,4.076623853381761,0.05558420708415113
Visite_Pflege,GCS,25,0.03495001792907715,3.771504418906194,4.692110589943654,-0.177129840752132
Visite_Pflege,GCS,25,0.04206538200378418,3.630780278020689,4.410632653770267,-0.09040306264604414
Visite_Pflege,GCS,25,0.04188871383666992,3.9577945312174028,4.745146758066631,-0.14454472382551908
Visite_Pflege,GCS,50,0.0790717601776123,3.5092886847654574,4.213623661231673,0.03271205718514747
Visite_Pflege,GCS,50,0.06995916366577148,3.4200460291372035,3.9905762607424484,0.10395611598784738
Visite_Pflege,GCS,50,0.07670259475708008,3.532398772786517,4.0611161048900515,0.095768721217381
Visite_Pflege,GCS,50,0.10372471809387207,3.5142644287037315,4.146727064168706,0.05905536940491374
Visite_Pflege,GCS,50,0.07871890068054199,3.422636741771605,4.069766017881867,0.07835711474749041
Visite_Pflege,GCS,50,0.09103965759277344,3.5725777173741182,4.230892848423174,0.04581779789087603
Visite_Pflege,GCS,50,0.07789063453674316,3.6270019927199164,4.194012989362788,0.07890968162468925
Visite_Pflege,GCS,50,0.07513308525085449,3.595921842575938,4.2503909625988205,0.04825271403187559
Visite_Pflege,GCS,50,0.0831143856048584,3.5076277003892464,4.241940687824711,0.034486808506082545
Visite_Pflege,GCS,50,0.09344077110290527,3.5287885545981332,4.263665001591642,-0.00460224775578677
Visite_Pflege,GCS,100,0.18065142631530762,3.5222575881528817,4.333228264582842,-0.029176439973635393
Visite_Pflege,GCS,100,0.20472311973571777,3.5701768486163252,4.276435648090656,0.03830282190009171
Visite_Pflege,GCS,100,0.205657958984375,3.3758961429584944,4.0192834712490555,0.11702803523091043
Visite_Pflege,GCS,100,0.20002460479736328,3.4397948237997715,3.985966681407803,0.1296001673481868
Visite_Pflege,GCS,100,0.17011070251464844,3.392264289189701,3.979555236355162,0.13614195526227457
Visite_Pflege,GCS,100,0.1930222511291504,3.3672519853880587,4.015484063951104,0.10817839804284712
Visite_Pflege,GCS,100,0.19469738006591797,3.356246924669226,4.073980707335361,0.09139025986326699
Visite_Pflege,GCS,100,0.16496634483337402,3.3687714631284433,4.048546213647635,0.0969557438649924
Visite_Pflege,GCS,100,0.19974136352539062,3.3302521627671937,3.9239000078283484,0.1381611632577745
Visite_Pflege,GCS,100,0.1895134449005127,3.555288572938543,4.334751539070931,0.01075129204776526
Visite_Pflege,GCS,250,0.6010196208953857,3.175987641224929,3.8023755690730767,0.1969521874556317
Visite_Pflege,GCS,250,0.5925648212432861,3.2149604010315582,3.882458854213335,0.1808001608967006
Visite_Pflege,GCS,250,0.6595516204833984,3.2810294390753603,3.9196081237582594,0.19474535019879913
Visite_Pflege,GCS,250,0.6491785049438477,3.213418254824784,3.8430804575871336,0.19701100364314483
Visite_Pflege,GCS,250,0.6050453186035156,3.1486990520064384,3.770835572562462,0.22371240305946183
Visite_Pflege,GCS,250,0.6578843593597412,3.231525847340661,3.8746342472221778,0.20354250277849006
Visite_Pflege,GCS,250,0.6208419799804688,3.2474325930740906,3.7505667579196182,0.2719476572695334
Visite_Pflege,GCS,250,0.6623749732971191,3.242809371512885,4.023229169448219,0.12195877825982915
Visite_Pflege,GCS,250,0.6094329357147217,3.22046163926039,3.824787692217275,0.22674692782504424
Visite_Pflege,GCS,250,0.6766281127929688,3.132702242500035,3.813509816571249,0.18371741195153835
Visite_Pflege,GCS,500,1.6126689910888672,2.828424396524443,3.4554264809379327,0.3466300717457065
Visite_Pflege,GCS,500,1.5949633121490479,2.9243762303332503,3.5734845537037563,0.3202124647193123
Visite_Pflege,GCS,500,1.56813645362854,2.832335444777014,3.417021031910225,0.33645901787703625
Visite_Pflege,GCS,500,1.560770034790039,2.9054601951366923,3.5583676803012567,0.2858402727475876
Visite_Pflege,GCS,500,1.5906715393066406,2.955240660968203,3.5541745206776914,0.32499469928440294
Visite_Pflege,GCS,500,1.633434534072876,2.9520707460180424,3.509327829663416,0.3361122951560157
Visite_Pflege,GCS,500,1.607309103012085,3.0207159463497675,3.592224470894917,0.31460163133317054
Visite_Pflege,GCS,500,1.5692508220672607,2.847697168327934,3.4765283737984074,0.3284959929870005
Visite_Pflege,GCS,500,1.6347956657409668,2.9579551772776687,3.5432963470508496,0.31802603814735597
Visite_Pflege,GCS,500,1.4866631031036377,3.0555225828782904,3.7014741850073185,0.2738613874348217
Visite_Pflege,GCS,750,2.7965986728668213,2.712461816958856,3.3463406810206835,0.385578395272959
Visite_Pflege,GCS,750,2.99397873878479,2.7451091906289258,3.351199513669982,0.3971507920177614
Visite_Pflege,GCS,750,2.954105854034424,2.7532469136956634,3.3870234294162427,0.3770307807808132
Visite_Pflege,GCS,750,2.9632785320281982,2.7843719893853525,3.3480585382742305,0.394646698593731
Visite_Pflege,GCS,750,2.9671621322631836,2.883492870201879,3.5711656026508596,0.31013179364335564
Visite_Pflege,GCS,750,2.7634811401367188,2.7379471939761206,3.3231666705368292,0.40744926842936247
Visite_Pflege,GCS,750,3.0325963497161865,2.678796113541901,3.2934872342012915,0.4003850316825257
Visite_Pflege,GCS,750,2.9147894382476807,2.686025665934763,3.3702263947195785,0.3561928657947958
Visite_Pflege,GCS,750,2.9973371028900146,2.8184836805130047,3.4221730378036885,0.3827920559304532
Visite_Pflege,GCS,750,2.935990810394287,2.842289890474941,3.4166080462148063,0.3949509590779663
Visite_Pflege,GCS,1000,4.405703544616699,2.6446071520420857,3.2322899297875956,0.43227411702673124
Visite_Pflege,GCS,1000,4.670111417770386,2.666797712733855,3.2347313557060584,0.43443762979544465
Visite_Pflege,GCS,1000,4.345049619674683,2.6698675939019565,3.2836612362735655,0.4259470648415027
Visite_Pflege,GCS,1000,4.679019927978516,2.6547304102417786,3.201917841714624,0.4576597602811906
Visite_Pflege,GCS,1000,4.472391366958618,2.7332210102118153,3.388301599176253,0.39486596798802687
Visite_Pflege,GCS,1000,4.807409763336182,2.6976185557562564,3.278446567855237,0.40168683920796755
Visite_Pflege,GCS,1000,4.702423334121704,2.6828852781536687,3.340267425339799,0.3859808003179247
Visite_Pflege,GCS,1000,4.543316602706909,2.727047209370713,3.3992397402955477,0.3725329166012332
Visite_Pflege,GCS,1000,4.540856599807739,2.540793914372039,3.124470576737753,0.43829107093569564
Visite_Pflege,GCS,1000,4.608875513076782,2.5192512019243183,3.0632871618717448,0.4782991550587601
Visite_Pflege,GCS,2000,14.658838033676147,2.5663272076399624,3.1784209491531494,0.4694972165866377
Visite_Pflege,GCS,2000,14.367120504379272,2.3551589173538865,2.971165304711664,0.5057624909485567
Visite_Pflege,GCS,2000,14.280267715454102,2.4401037474310696,3.0083113362853755,0.5066831221591848
Visite_Pflege,GCS,2000,14.855796813964844,2.3455228536773163,2.9473961222594465,0.5187644732353098
Visite_Pflege,GCS,2000,14.784400463104248,2.3871526730942225,3.0139961510155353,0.5041160587444004
Visite_Pflege,GCS,2000,14.628496170043945,2.557537266079667,3.174756329763146,0.478230285427359
Visite_Pflege,GCS,2000,14.622494220733643,2.3334428910984353,2.901771856784199,0.5321794081874651
Visite_Pflege,GCS,2000,15.048075199127197,2.453140108748832,3.0741461564298027,0.49856704147115305
Visite_Pflege,GCS,2000,14.688328981399536,2.4082893141274417,3.017168567302992,0.5220606675604988
Visite_Pflege,GCS,2000,13.996472835540771,2.426464285054608,3.0065041352420208,0.5185819072170386
Visite_Pflege,GCS,3000,29.604856967926025,2.358431786170061,2.9150765372742247,0.5369348413468183
Visite_Pflege,GCS,3000,30.150880813598633,2.3898022775077856,2.92982222567105,0.5372494332486346
Visite_Pflege,GCS,3000,29.840614318847656,2.333244562167638,2.9247564870853413,0.543202869095724
Visite_Pflege,GCS,3000,29.987868309020996,2.376108162023302,2.954756514391364,0.5264998015371072
Visite_Pflege,GCS,3000,30.538264274597168,2.293829006364248,2.8999820174026616,0.5460092067203989
Visite_Pflege,GCS,3000,30.209369659423828,2.380013354250506,2.9605184739747568,0.524188444181112
Visite_Pflege,GCS,3000,29.685009717941284,2.280891928781857,2.838783627939915,0.5658424117380507
Visite_Pflege,GCS,3000,30.34945559501648,2.3741007280586293,2.9781252630827084,0.5354147086113017
Visite_Pflege,GCS,3000,30.002811193466187,2.260917793308583,2.820774851500414,0.5154544602458311
Visite_Pflege,GCS,3000,30.02721095085144,2.3240293275000523,2.96055846468763,0.5137302936427102
Visite_Pflege,GCS,4000,50.82695937156677,2.2525998156517457,2.8316490146490216,0.5685529368738155
Visite_Pflege,GCS,4000,50.468050479888916,2.2569427989726343,2.8520900743429585,0.5464419635185207
Visite_Pflege,GCS,4000,51.053929567337036,2.274238740919042,2.895845721620555,0.5346299122954028
Visite_Pflege,GCS,4000,50.622488498687744,2.2967834156193656,2.8823370842292304,0.5538716128968253
Visite_Pflege,GCS,4000,50.09650540351868,2.2849208049744365,2.850793418934673,0.569884967051798
Visite_Pflege,GCS,4000,50.736125230789185,2.2778608908861684,2.822749640086261,0.5741304413265937
Visite_Pflege,GCS,4000,50.786285400390625,2.138421440891101,2.6996851075539023,0.5950742159358897
Visite_Pflege,GCS,4000,51.34124946594238,2.345513772019005,2.9106393615987054,0.5494354026206734
Visite_Pflege,GCS,4000,51.45063066482544,2.276028909849464,2.8304421830777793,0.5743573734986318
Visite_Pflege,GCS,4000,51.967676877975464,2.202606655226334,2.7958559823961995,0.5802771626209737
Visite_Pflege,GCS,5000,77.72298121452332,2.2319031953635893,2.7743053342934116,0.5833969954492257
Visite_Pflege,GCS,5000,77.974112033844,2.21843819278517,2.815769054991865,0.5712619998323789
Visite_Pflege,GCS,5000,77.05807399749756,2.2476761464422594,2.821844690685464,0.5737809785916115
Visite_Pflege,GCS,5000,76.15467405319214,2.2205444699518444,2.7738004680099717,0.5817712273790627
Visite_Pflege,GCS,5000,77.27007985115051,2.1739842316825277,2.7688659167960874,0.5806733197167055
Visite_Pflege,GCS,5000,77.57390999794006,2.2665276412905206,2.8477279999793135,0.5566036973700464
Visite_Pflege,GCS,5000,75.99872541427612,2.1944542863281216,2.7353179015440015,0.5891334318656134
Visite_Pflege,GCS,5000,77.00887131690979,2.2740373445279976,2.845360166669717,0.5423619390815226
Visite_Pflege,GCS,5000,76.71984124183655,2.217241503381438,2.742571406102626,0.5917520220228434
Visite_Pflege,GCS,5000,77.66865181922913,2.25814937445836,2.813984006168192,0.5771080661257335
Visite_Pflege,GCS,6000,109.69069719314575,2.2630504063444086,2.860963506632279,0.5709428677092847
Visite_Pflege,GCS,6000,110.8118040561676,2.2097084301281917,2.7779524771760924,0.593967138338685
Visite_Pflege,GCS,6000,109.2389452457428,2.2014555844216215,2.7557757369878058,0.5877502544528876
Visite_Pflege,GCS,6000,109.01122283935547,2.1167810775995233,2.7080899570473607,0.59256856205597
Visite_Pflege,GCS,6000,108.64059925079346,2.130479147151765,2.696180618089393,0.599197781047637
Visite_Pflege,GCS,6000,109.70688557624817,2.190472583085446,2.7583834701091345,0.5878631459391401
Visite_Pflege,GCS,6000,109.0477352142334,2.1411162443387837,2.7043215795734956,0.6081042019366799
Visite_Pflege,GCS,6000,108.77661418914795,2.231985465843949,2.769614333240561,0.5776249425752887
Visite_Pflege,GCS,6000,109.56627178192139,2.1822332932786503,2.759186781764896,0.5788945174360653
Visite_Pflege,GCS,6000,108.3122947216034,2.1816685232418087,2.7570579029176265,0.5839156582429568
Visite_Pflege,GCS,7000,145.36235332489014,2.1526027458194927,2.6994492875107245,0.6012830870588868
Visite_Pflege,GCS,7000,145.2305154800415,2.1793488498515186,2.780957052940122,0.5673520586089847
Visite_Pflege,GCS,7000,144.85958123207092,2.081055504863064,2.657652766040803,0.5933360375768755
Visite_Pflege,GCS,7000,147.1525104045868,2.1080395899153443,2.670601110273316,0.6195772844535894
Visite_Pflege,GCS,7000,146.78497219085693,2.1996652324299486,2.8054493969286076,0.558032219813164
Visite_Pflege,GCS,7000,145.38132190704346,2.275558641399149,2.879103010450208,0.5572196323139318
Visite_Pflege,GCS,7000,146.0796811580658,2.2713022794444013,2.8419971644019952,0.5617324770826996
Visite_Pflege,GCS,7000,145.57643032073975,2.205635473366803,2.799089875710391,0.5921342886147014
Visite_Pflege,GCS,7000,146.87190866470337,2.1188200454765527,2.6915351477819383,0.6013016460045919
Visite_Pflege,GCS,7000,146.7777328491211,2.272780790084661,2.862808070850816,0.5537604194533132
Visite_Pflege,GCS,8000,189.4450225830078,2.0517793860154887,2.6217899697862417,0.6041801233361828
Visite_Pflege,GCS,8000,188.56144428253174,2.069347416889041,2.604854256233464,0.6163056586666886
Visite_Pflege,GCS,8000,188.56432127952576,2.10194066432908,2.6948211147863708,0.5886910328827234
Visite_Pflege,GCS,8000,189.13959336280823,2.083222454721638,2.613167703781504,0.6155679234204252
Visite_Pflege,GCS,8000,188.18444085121155,2.107099040658829,2.6548480063871924,0.6060896865465037
Visite_Pflege,GCS,8000,188.85699033737183,2.142772447879624,2.7095519894983178,0.5929190486636347
Visite_Pflege,GCS,8000,187.89448714256287,2.108517642561336,2.6830178749709197,0.6131879136894791
Visite_Pflege,GCS,8000,189.1567120552063,2.1822734746063905,2.708488830592237,0.5974140154707211
Visite_Pflege,GCS,8000,189.10196542739868,2.111860058750748,2.6601437658971387,0.6147675746159396
Visite_Pflege,GCS,8000,190.7116093635559,2.19354741014261,2.7722506738973016,0.5717858309556183
Visite_Pflege,GCS,9000,236.58686017990112,2.0775881086389663,2.621742177198492,0.6250686519797745
Visite_Pflege,GCS,9000,237.86262917518616,2.1619556333946446,2.706524217890713,0.6010612549883763
Visite_Pflege,GCS,9000,238.78955817222595,2.188831760602452,2.7364337413941224,0.6092617045048119
Visite_Pflege,GCS,9000,237.01947617530823,2.1475509698517987,2.7510058153115406,0.59499529195436
Visite_Pflege,GCS,9000,240.670508146286,2.080199307240712,2.6682986614567716,0.6087375028146342
Visite_Pflege,GCS,9000,237.48871994018555,2.0940762314805097,2.650427752978424,0.6197969917255743
Visite_Pflege,GCS,9000,236.10134100914001,2.1249823021213015,2.693293600358589,0.5951280939541046
Visite_Pflege,GCS,9000,235.89140248298645,2.099119215950965,2.669704987520827,0.6176615924211728
Visite_Pflege,GCS,9000,236.43241596221924,2.128176299892441,2.6684802787803097,0.6099823088336125
Visite_Pflege,GCS,9000,235.13058733940125,2.075586961849318,2.631675185556114,0.6085643569255963