elm_func,elm_n_neurons,MAE,w2vwindow_size,w2vdimensions,w2vword_min_count,w2vtraining_epochs
lin,5,1.417104651351637,2,10,1,15
tanh,5,1.4883691293989927,2,10,1,15
rbf_l2,5,1.4887807095047962,2,10,1,15
lin,7,1.3644359999511884,2,10,1,15
tanh,7,1.3229659901773212,2,10,1,15
rbf_l2,7,1.3501611400323257,2,10,1,15
lin,10,1.2561356365827845,2,10,1,15
tanh,10,1.2776225701825035,2,10,1,15
rbf_l2,10,1.2895318399616933,2,10,1,15
lin,15,1.2506632407026514,2,10,1,15
tanh,15,1.220781473314115,2,10,1,15
rbf_l2,15,1.1923350596072342,2,10,1,15
lin,17,1.249598552361745,2,10,1,15
tanh,17,1.1986758517826561,2,10,1,15
rbf_l2,17,1.2450655873411003,2,10,1,15
lin,20,1.249883553918312,2,10,1,15
tanh,20,1.235575199647199,2,10,1,15
rbf_l2,20,1.2117862582949752,2,10,1,15
lin,5,1.3897552640645094,2,10,3,15
tanh,5,1.3775354478279875,2,10,3,15
rbf_l2,5,1.4155683190949833,2,10,3,15
lin,7,1.3213293403702167,2,10,3,15
tanh,7,1.287388744522811,2,10,3,15
rbf_l2,7,1.3309509172555012,2,10,3,15
lin,10,1.2089199561164585,2,10,3,15
tanh,10,1.2688181170581725,2,10,3,15
rbf_l2,10,1.2906449547177723,2,10,3,15
lin,15,1.2183593507633903,2,10,3,15
tanh,15,1.2055085752244175,2,10,3,15
rbf_l2,15,1.2344165667200884,2,10,3,15
lin,17,1.2220682309980262,2,10,3,15
tanh,17,1.2107148670097896,2,10,3,15
rbf_l2,17,1.178915493927033,2,10,3,15
lin,20,1.216321718760693,2,10,3,15
tanh,20,1.1532014962450021,2,10,3,15
rbf_l2,20,1.1679086934457596,2,10,3,15
lin,5,1.3701751615477238,2,10,5,15
tanh,5,1.595327843752909,2,10,5,15
rbf_l2,5,1.5920662154090106,2,10,5,15
lin,7,1.3121135277035083,2,10,5,15
tanh,7,1.3442592225284808,2,10,5,15
rbf_l2,7,1.344936260055744,2,10,5,15
lin,10,1.2452067709586148,2,10,5,15
tanh,10,1.3579050900808336,2,10,5,15
rbf_l2,10,1.251085070411437,2,10,5,15
lin,15,1.24579762489364,2,10,5,15
tanh,15,1.2332675324946405,2,10,5,15
rbf_l2,15,1.2037326260865804,2,10,5,15
lin,17,1.25595778580742,2,10,5,15
tanh,17,1.2290863090533768,2,10,5,15
rbf_l2,17,1.2155778455989164,2,10,5,15
lin,20,1.2536585444929838,2,10,5,15
tanh,20,1.2005391200512585,2,10,5,15
rbf_l2,20,1.1896724518937658,2,10,5,15
lin,5,1.4336440569921014,5,10,1,15
tanh,5,1.291548944828007,5,10,1,15
rbf_l2,5,1.225106313834503,5,10,1,15
lin,7,1.3076856940102364,5,10,1,15
tanh,7,1.2678197412185594,5,10,1,15
rbf_l2,7,1.2264174604611147,5,10,1,15
lin,10,1.1603751894428782,5,10,1,15
tanh,10,1.2742362173062847,5,10,1,15
rbf_l2,10,1.2589039223379026,5,10,1,15
lin,15,1.16427411258553,5,10,1,15
tanh,15,1.1259550716273308,5,10,1,15
rbf_l2,15,1.1403542214977322,5,10,1,15
lin,17,1.1771830209950918,5,10,1,15
tanh,17,1.1331404845689668,5,10,1,15
rbf_l2,17,1.153333575280331,5,10,1,15
lin,20,1.172804664249091,5,10,1,15
tanh,20,1.122837342524519,5,10,1,15
rbf_l2,20,1.1264487545717914,5,10,1,15
lin,5,1.3476892269656537,5,10,3,15
tanh,5,1.1845718551680011,5,10,3,15
rbf_l2,5,1.4698926990621446,5,10,3,15
lin,7,1.2708572516444234,5,10,3,15
tanh,7,1.2048949772455224,5,10,3,15
rbf_l2,7,1.3291636065535597,5,10,3,15
lin,10,1.1613083723786093,5,10,3,15
tanh,10,1.1816062143561774,5,10,3,15
rbf_l2,10,1.1694122712551573,5,10,3,15
lin,15,1.1605263977671065,5,10,3,15
tanh,15,1.1100218658218746,5,10,3,15
rbf_l2,15,1.1633220865283245,5,10,3,15
lin,17,1.1588192188537794,5,10,3,15
tanh,17,1.1337028129247462,5,10,3,15
rbf_l2,17,1.137950711631416,5,10,3,15
lin,20,1.1662865856491682,5,10,3,15
tanh,20,1.1004038608667615,5,10,3,15
rbf_l2,20,1.1044008579494349,5,10,3,15
lin,5,1.4103088547229423,5,10,5,15
tanh,5,1.3239343417251521,5,10,5,15
rbf_l2,5,1.2511289676963622,5,10,5,15
lin,7,1.3074645363127821,5,10,5,15
tanh,7,1.2342757396067394,5,10,5,15
rbf_l2,7,1.373991033748783,5,10,5,15
lin,10,1.1683809693666984,5,10,5,15
tanh,10,1.24758354931189,5,10,5,15
rbf_l2,10,1.1722371737298551,5,10,5,15
lin,15,1.1742190629641884,5,10,5,15
tanh,15,1.1309221092691808,5,10,5,15
rbf_l2,15,1.145355212245365,5,10,5,15
lin,17,1.1727056025991742,5,10,5,15
tanh,17,1.1803522088664031,5,10,5,15
rbf_l2,17,1.1540562609463296,5,10,5,15
lin,20,1.1644949586624485,5,10,5,15
tanh,20,1.1279561583393014,5,10,5,15
rbf_l2,20,1.134533637874786,5,10,5,15
lin,5,1.3389635350685483,7,10,1,15
tanh,5,1.288093517415573,7,10,1,15
rbf_l2,5,1.2508274774590156,7,10,1,15
lin,7,1.229623494002149,7,10,1,15
tanh,7,1.2257437854758901,7,10,1,15
rbf_l2,7,1.2262074386778086,7,10,1,15
lin,10,1.1636081335855886,7,10,1,15
tanh,10,1.1985670647572193,7,10,1,15
rbf_l2,10,1.1632145363824087,7,10,1,15
lin,15,1.1495509262319192,7,10,1,15
tanh,15,1.1361690890127039,7,10,1,15
rbf_l2,15,1.1259213511672677,7,10,1,15
lin,17,1.1573931289471826,7,10,1,15
tanh,17,1.1530834284815457,7,10,1,15
rbf_l2,17,1.1199632170955929,7,10,1,15
lin,20,1.1522784848590233,7,10,1,15
tanh,20,1.1142351292430173,7,10,1,15
rbf_l2,20,1.137891266771763,7,10,1,15
lin,5,1.399516442105369,7,10,3,15
tanh,5,1.2031455796701578,7,10,3,15
rbf_l2,5,1.2774445450793297,7,10,3,15
lin,7,1.282085468603118,7,10,3,15
tanh,7,1.2173480155110001,7,10,3,15
rbf_l2,7,1.2445840851995598,7,10,3,15
lin,10,1.180195093513005,7,10,3,15
tanh,10,1.1992406596740337,7,10,3,15
rbf_l2,10,1.2196180181716645,7,10,3,15
lin,15,1.1840623974807152,7,10,3,15
tanh,15,1.1440481462243721,7,10,3,15
rbf_l2,15,1.1731389465982383,7,10,3,15
lin,17,1.1762487835325737,7,10,3,15
tanh,17,1.1604069892267996,7,10,3,15
rbf_l2,17,1.1728002745859978,7,10,3,15
lin,20,1.1879051205359612,7,10,3,15
tanh,20,1.1052531157834828,7,10,3,15
rbf_l2,20,1.1331245542424155,7,10,3,15
lin,5,1.2371352077982505,7,10,5,15
tanh,5,1.4373193337594634,7,10,5,15
rbf_l2,5,1.2906396889617477,7,10,5,15
lin,7,1.24183560069626,7,10,5,15
tanh,7,1.184326067299426,7,10,5,15
rbf_l2,7,1.287951638276212,7,10,5,15
lin,10,1.1689329170137097,7,10,5,15
tanh,10,1.2739875632054258,7,10,5,15
rbf_l2,10,1.1678122745121216,7,10,5,15
lin,15,1.1720935924221982,7,10,5,15
tanh,15,1.1834775248215834,7,10,5,15
rbf_l2,15,1.1707926384078284,7,10,5,15
lin,17,1.1732081530061351,7,10,5,15
tanh,17,1.127014768212525,7,10,5,15
rbf_l2,17,1.1374190522897585,7,10,5,15
lin,20,1.1696656852567797,7,10,5,15
tanh,20,1.1164587294699697,7,10,5,15
rbf_l2,20,1.1205659561507573,7,10,5,15
lin,15,1.207269738249453,2,30,1,15
tanh,15,1.230528671924943,2,30,1,15
rbf_l2,15,1.2000866482666654,2,30,1,15
lin,22,1.1507604495971322,2,30,1,15
tanh,22,1.1968112189704525,2,30,1,15
rbf_l2,22,1.153633355158458,2,30,1,15
lin,30,1.1192545339315454,2,30,1,15
tanh,30,1.1317794672971104,2,30,1,15
rbf_l2,30,1.1245618822719317,2,30,1,15
lin,45,1.1293979837291936,2,30,1,15
tanh,45,1.097369264234807,2,30,1,15
rbf_l2,45,1.1002318009441032,2,30,1,15
lin,52,1.1287361057699463,2,30,1,15
tanh,52,1.0958761567354078,2,30,1,15
rbf_l2,52,1.0911474616652883,2,30,1,15
lin,60,1.1238082095766366,2,30,1,15
tanh,60,1.0760965549250012,2,30,1,15
rbf_l2,60,1.0952797071644504,2,30,1,15
lin,15,1.181724913760907,2,30,3,15
tanh,15,1.2384256984541107,2,30,3,15
rbf_l2,15,1.230853005074211,2,30,3,15
lin,22,1.1330203472791076,2,30,3,15
tanh,22,1.1784368113028385,2,30,3,15
rbf_l2,22,1.1474700112723972,2,30,3,15
lin,30,1.1240388993015293,2,30,3,15
tanh,30,1.1108943522713173,2,30,3,15
rbf_l2,30,1.1376649527370897,2,30,3,15
lin,45,1.1174169107908407,2,30,3,15
tanh,45,1.0992768492244305,2,30,3,15
rbf_l2,45,1.0919284580903708,2,30,3,15
lin,52,1.1246350907325833,2,30,3,15
tanh,52,1.090776342558621,2,30,3,15
rbf_l2,52,1.0862855502040856,2,30,3,15
lin,60,1.1179375878193043,2,30,3,15
tanh,60,1.0992360425275498,2,30,3,15
rbf_l2,60,1.0824195488222057,2,30,3,15
lin,15,1.1754343352093168,2,30,5,15
tanh,15,1.1946146409120408,2,30,5,15
rbf_l2,15,1.1733922510520642,2,30,5,15
lin,22,1.1387633322978838,2,30,5,15
tanh,22,1.160391908293784,2,30,5,15
rbf_l2,22,1.192792111235248,2,30,5,15
lin,30,1.1239845130232708,2,30,5,15
tanh,30,1.1411288696762827,2,30,5,15
rbf_l2,30,1.1283299295570675,2,30,5,15
lin,45,1.1305535545479652,2,30,5,15
tanh,45,1.0975865307690955,2,30,5,15
rbf_l2,45,1.103588410163632,2,30,5,15
lin,52,1.1320789923641952,2,30,5,15
tanh,52,1.10144417511946,2,30,5,15
rbf_l2,52,1.1057482915125538,2,30,5,15
lin,60,1.1335768417711547,2,30,5,15
tanh,60,1.088641156807741,2,30,5,15
rbf_l2,60,1.0931809570317257,2,30,5,15
lin,15,1.1362400535034913,5,30,1,15
tanh,15,1.263785636048673,5,30,1,15
rbf_l2,15,1.1706917121815714,5,30,1,15
lin,22,1.1357357548776696,5,30,1,15
tanh,22,1.1964843259582572,5,30,1,15
rbf_l2,22,1.1621148359448799,5,30,1,15
lin,30,1.1111083020615655,5,30,1,15
tanh,30,1.1071952527803814,5,30,1,15
rbf_l2,30,1.1156213619520465,5,30,1,15
lin,45,1.1165135520502558,5,30,1,15
tanh,45,1.108484195478559,5,30,1,15
rbf_l2,45,1.0913294048111148,5,30,1,15
lin,52,1.109407352795707,5,30,1,15
tanh,52,1.0922398390078891,5,30,1,15
rbf_l2,52,1.0785443745261643,5,30,1,15
lin,60,1.107715566521193,5,30,1,15
tanh,60,1.0558954917582741,5,30,1,15
rbf_l2,60,1.0772035442464045,5,30,1,15
lin,15,1.1792623809123206,5,30,3,15
tanh,15,1.1834345636781884,5,30,3,15
rbf_l2,15,1.2002730553602272,5,30,3,15
lin,22,1.1289573701299642,5,30,3,15
tanh,22,1.159234054430987,5,30,3,15
rbf_l2,22,1.1123604169211976,5,30,3,15
lin,30,1.115181847932925,5,30,3,15
tanh,30,1.1245193581777744,5,30,3,15
rbf_l2,30,1.1112520094541554,5,30,3,15
lin,45,1.1046772145880746,5,30,3,15
tanh,45,1.1063601198611304,5,30,3,15
rbf_l2,45,1.0915777202806887,5,30,3,15
lin,52,1.1200019172222102,5,30,3,15
tanh,52,1.0917726539654664,5,30,3,15
rbf_l2,52,1.0632792549681336,5,30,3,15
lin,60,1.1172137276939114,5,30,3,15
tanh,60,1.0579979218841817,5,30,3,15
rbf_l2,60,1.0614693629693175,5,30,3,15
lin,15,1.165296808878761,5,30,5,15
tanh,15,1.200312596469726,5,30,5,15
rbf_l2,15,1.17511057011789,5,30,5,15
lin,22,1.1327243930470785,5,30,5,15
tanh,22,1.1835566928935872,5,30,5,15
rbf_l2,22,1.1326815251857436,5,30,5,15
lin,30,1.1105472185560747,5,30,5,15
tanh,30,1.117368345340474,5,30,5,15
rbf_l2,30,1.0976300981557485,5,30,5,15
lin,45,1.1137982012111123,5,30,5,15
tanh,45,1.0909639562383249,5,30,5,15
rbf_l2,45,1.0755285255091975,5,30,5,15
lin,52,1.1093382526595543,5,30,5,15
tanh,52,1.0681334950072248,5,30,5,15
rbf_l2,52,1.084745423843567,5,30,5,15
lin,60,1.112785576323177,5,30,5,15
tanh,60,1.0670676780982362,5,30,5,15
rbf_l2,60,1.05799238487745,5,30,5,15
lin,15,1.148785654902872,7,30,1,15
tanh,15,1.2225151959396872,7,30,1,15
rbf_l2,15,1.174007510435263,7,30,1,15
lin,22,1.1246943461178662,7,30,1,15
tanh,22,1.1086783847397346,7,30,1,15
rbf_l2,22,1.1487149237951118,7,30,1,15
lin,30,1.115638129667718,7,30,1,15
tanh,30,1.1527805031046694,7,30,1,15
rbf_l2,30,1.1245699350237457,7,30,1,15
lin,45,1.1146161579995677,7,30,1,15
tanh,45,1.0900980205458424,7,30,1,15
rbf_l2,45,1.091111995174285,7,30,1,15
lin,52,1.112062718286495,7,30,1,15
tanh,52,1.0835541375472966,7,30,1,15
rbf_l2,52,1.0703566501129806,7,30,1,15
lin,60,1.115039595857183,7,30,1,15
tanh,60,1.0809608462897453,7,30,1,15
rbf_l2,60,1.0680467689883977,7,30,1,15
lin,15,1.1496261012159084,7,30,3,15
tanh,15,1.1926435810093656,7,30,3,15
rbf_l2,15,1.2286629278024397,7,30,3,15
lin,22,1.1285480200664892,7,30,3,15
tanh,22,1.1563536848224973,7,30,3,15
rbf_l2,22,1.1214482412453828,7,30,3,15
lin,30,1.1124993524747953,7,30,3,15
tanh,30,1.0979937117851883,7,30,3,15
rbf_l2,30,1.1423560511365651,7,30,3,15
lin,45,1.1053949133193528,7,30,3,15
tanh,45,1.0816252550677419,7,30,3,15
rbf_l2,45,1.0889784359032595,7,30,3,15
lin,52,1.1061839461951195,7,30,3,15
tanh,52,1.0783793830564394,7,30,3,15
rbf_l2,52,1.0617684834910486,7,30,3,15
lin,60,1.1116672516754695,7,30,3,15
tanh,60,1.0550552549881735,7,30,3,15
rbf_l2,60,1.062252045590974,7,30,3,15
lin,15,1.1402144405763814,7,30,5,15
tanh,15,1.1738261660427949,7,30,5,15
rbf_l2,15,1.19945034407408,7,30,5,15
lin,22,1.13102176338673,7,30,5,15
tanh,22,1.138760845616267,7,30,5,15
rbf_l2,22,1.1369032858682409,7,30,5,15
lin,30,1.1177414463613116,7,30,5,15
tanh,30,1.117072136712536,7,30,5,15
rbf_l2,30,1.1377482149275537,7,30,5,15
lin,45,1.1153153623741978,7,30,5,15
tanh,45,1.0890888067617681,7,30,5,15
rbf_l2,45,1.0782345601077385,7,30,5,15
lin,52,1.1119096252111111,7,30,5,15
tanh,52,1.0647256595126444,7,30,5,15
rbf_l2,52,1.075827286232009,7,30,5,15
lin,60,1.1121966164400443,7,30,5,15
tanh,60,1.0714815179830368,7,30,5,15
rbf_l2,60,1.0726468840365002,7,30,5,15
lin,25,1.1960901329327236,2,50,1,15
tanh,25,1.2268449728172337,2,50,1,15
rbf_l2,25,1.1820690893771066,2,50,1,15
lin,37,1.1607769684029763,2,50,1,15
tanh,37,1.1286213433714098,2,50,1,15
rbf_l2,37,1.152925773827429,2,50,1,15
lin,50,1.1147452417271215,2,50,1,15
tanh,50,1.112246817619231,2,50,1,15
rbf_l2,50,1.1203444332551808,2,50,1,15
lin,75,1.1103223524825603,2,50,1,15
tanh,75,1.0890923032396371,2,50,1,15
rbf_l2,75,1.0728655177212298,2,50,1,15
lin,87,1.1172098748546744,2,50,1,15
tanh,87,1.0664075008145517,2,50,1,15
rbf_l2,87,1.0748915904130247,2,50,1,15
lin,100,1.1237527657700457,2,50,1,15
tanh,100,1.0761926536716528,2,50,1,15
rbf_l2,100,1.077358208791612,2,50,1,15
lin,25,1.188467053590784,2,50,3,15
tanh,25,1.1692181963431498,2,50,3,15
rbf_l2,25,1.1899663600015937,2,50,3,15
lin,37,1.1543736081405913,2,50,3,15
tanh,37,1.1510035331494077,2,50,3,15
rbf_l2,37,1.142243458709947,2,50,3,15
lin,50,1.1208361603330306,2,50,3,15
tanh,50,1.1166940647933816,2,50,3,15
rbf_l2,50,1.1146120894767,2,50,3,15
lin,75,1.1111800644034284,2,50,3,15
tanh,75,1.08314723563177,2,50,3,15
rbf_l2,75,1.0964094982647885,2,50,3,15
lin,87,1.1128234866085702,2,50,3,15
tanh,87,1.0792985118926608,2,50,3,15
rbf_l2,87,1.0940353335753508,2,50,3,15
lin,100,1.1099550243802825,2,50,3,15
tanh,100,1.0559897942162644,2,50,3,15
rbf_l2,100,1.0659875527773628,2,50,3,15
lin,25,1.2114679004020046,2,50,5,15
tanh,25,1.1826698061693945,2,50,5,15
rbf_l2,25,1.2191040508072128,2,50,5,15
lin,37,1.162150823227325,2,50,5,15
tanh,37,1.1345859190531074,2,50,5,15
rbf_l2,37,1.1528894308290691,2,50,5,15
lin,50,1.1167816211164208,2,50,5,15
tanh,50,1.1210475986999844,2,50,5,15
rbf_l2,50,1.1188385174510675,2,50,5,15
lin,75,1.1155021227149804,2,50,5,15
tanh,75,1.0728279060534334,2,50,5,15
rbf_l2,75,1.1008206631267652,2,50,5,15
lin,87,1.1072463200590938,2,50,5,15
tanh,87,1.084708799674234,2,50,5,15
rbf_l2,87,1.0795098408129031,2,50,5,15
lin,100,1.110467457329914,2,50,5,15
tanh,100,1.068060675591998,2,50,5,15
rbf_l2,100,1.075813991254719,2,50,5,15
lin,25,1.1517500786036496,5,50,1,15
tanh,25,1.16417662256725,5,50,1,15
rbf_l2,25,1.173603491471297,5,50,1,15
lin,37,1.1055328883574804,5,50,1,15
tanh,37,1.1266676314796358,5,50,1,15
rbf_l2,37,1.1187814466759152,5,50,1,15
lin,50,1.0934421366761082,5,50,1,15
tanh,50,1.1045428386662177,5,50,1,15
rbf_l2,50,1.090029843185952,5,50,1,15
lin,75,1.0945151747470556,5,50,1,15
tanh,75,1.0629557446695048,5,50,1,15
rbf_l2,75,1.0709859628759,5,50,1,15
lin,87,1.0992230294858545,5,50,1,15
tanh,87,1.0651073543207223,5,50,1,15
rbf_l2,87,1.0725428907371326,5,50,1,15
lin,100,1.0899286253940117,5,50,1,15
tanh,100,1.0587281452798707,5,50,1,15
rbf_l2,100,1.0648028993920107,5,50,1,15
lin,25,1.2375163932109365,5,50,3,15
tanh,25,1.1794242468440956,5,50,3,15
rbf_l2,25,1.1812406627653056,5,50,3,15
lin,37,1.1298030914871515,5,50,3,15
tanh,37,1.1313365925833774,5,50,3,15
rbf_l2,37,1.146789030140348,5,50,3,15
lin,50,1.1046329452360122,5,50,3,15
tanh,50,1.1066681561214982,5,50,3,15
rbf_l2,50,1.1015834861602745,5,50,3,15
lin,75,1.1092844351113222,5,50,3,15
tanh,75,1.0746034770834327,5,50,3,15
rbf_l2,75,1.0743861727938786,5,50,3,15
lin,87,1.1084869355377904,5,50,3,15
tanh,87,1.0627108445814748,5,50,3,15
rbf_l2,87,1.0757877102304314,5,50,3,15
lin,100,1.1058447054049512,5,50,3,15
tanh,100,1.0515830863811806,5,50,3,15
rbf_l2,100,1.0634307468704562,5,50,3,15
lin,25,1.168078553624375,5,50,5,15
tanh,25,1.1665876540531122,5,50,5,15
rbf_l2,25,1.178746064646138,5,50,5,15
lin,37,1.1231503367776652,5,50,5,15
tanh,37,1.1281411729816537,5,50,5,15
rbf_l2,37,1.1280258427293863,5,50,5,15
lin,50,1.1029634936510084,5,50,5,15
tanh,50,1.1046857875863476,5,50,5,15
rbf_l2,50,1.1103078213272533,5,50,5,15
lin,75,1.1015656259196744,5,50,5,15
tanh,75,1.0753532723912755,5,50,5,15
rbf_l2,75,1.075196144785751,5,50,5,15
lin,87,1.0999897805685215,5,50,5,15
tanh,87,1.0659186202441089,5,50,5,15
rbf_l2,87,1.0773787126087395,5,50,5,15
lin,100,1.102422602695397,5,50,5,15
tanh,100,1.057817986381368,5,50,5,15
rbf_l2,100,1.0552591744920288,5,50,5,15
lin,25,1.1626101299604508,7,50,1,15
tanh,25,1.1540529151630403,7,50,1,15
rbf_l2,25,1.1440940495777627,7,50,1,15
lin,37,1.1066569290914967,7,50,1,15
tanh,37,1.1175254481465895,7,50,1,15
rbf_l2,37,1.1264764454310994,7,50,1,15
lin,50,1.1029112816804836,7,50,1,15
tanh,50,1.0952460704919644,7,50,1,15
rbf_l2,50,1.1032777243172975,7,50,1,15
lin,75,1.0915184105299394,7,50,1,15
tanh,75,1.0746396814675976,7,50,1,15
rbf_l2,75,1.058791391981901,7,50,1,15
lin,87,1.104211014838151,7,50,1,15
tanh,87,1.0525452061738712,7,50,1,15
rbf_l2,87,1.065151898479321,7,50,1,15
lin,100,1.099530163406293,7,50,1,15
tanh,100,1.065637731435126,7,50,1,15
rbf_l2,100,1.0618739344741521,7,50,1,15
lin,25,1.1785874393178566,7,50,3,15
tanh,25,1.147624245717057,7,50,3,15
rbf_l2,25,1.14165565927006,7,50,3,15
lin,37,1.1144469171995002,7,50,3,15
tanh,37,1.1329090260143688,7,50,3,15
rbf_l2,37,1.1106150346361872,7,50,3,15
lin,50,1.1006545761680955,7,50,3,15
tanh,50,1.0964283934018935,7,50,3,15
rbf_l2,50,1.0950677591326436,7,50,3,15
lin,75,1.1077976958340026,7,50,3,15
tanh,75,1.0652400910373045,7,50,3,15
rbf_l2,75,1.0793303473282925,7,50,3,15
lin,87,1.099106409631492,7,50,3,15
tanh,87,1.0510380708309675,7,50,3,15
rbf_l2,87,1.0693408908662745,7,50,3,15
lin,100,1.10089404964234,7,50,3,15
tanh,100,1.0618332208627852,7,50,3,15
rbf_l2,100,1.0494052105093428,7,50,3,15
lin,25,1.1883230559094025,7,50,5,15
tanh,25,1.155624767229395,7,50,5,15
rbf_l2,25,1.1507471793623183,7,50,5,15
lin,37,1.13576118025756,7,50,5,15
tanh,37,1.1322366467354743,7,50,5,15
rbf_l2,37,1.1381092757925364,7,50,5,15
lin,50,1.1050953075866063,7,50,5,15
tanh,50,1.0997814281462828,7,50,5,15
rbf_l2,50,1.102431605552193,7,50,5,15
lin,75,1.1024760471883353,7,50,5,15
tanh,75,1.0677024900919394,7,50,5,15
rbf_l2,75,1.0637828901778372,7,50,5,15
lin,87,1.0991216850902235,7,50,5,15
tanh,87,1.065899211846803,7,50,5,15
rbf_l2,87,1.0621915989889643,7,50,5,15
lin,100,1.1085040947744473,7,50,5,15
tanh,100,1.0588382083066619,7,50,5,15
rbf_l2,100,1.0684617799380716,7,50,5,15
lin,40,1.1348333896732552,2,80,1,15
tanh,40,1.157244259560679,2,80,1,15
rbf_l2,40,1.1313189687147687,2,80,1,15
lin,60,1.1080432942270833,2,80,1,15
tanh,60,1.1101362770331908,2,80,1,15
rbf_l2,60,1.1078323532745853,2,80,1,15
lin,80,1.100504992627986,2,80,1,15
tanh,80,1.094895048519632,2,80,1,15
rbf_l2,80,1.095989146558159,2,80,1,15
lin,120,1.1002781096224994,2,80,1,15
tanh,120,1.065142417247451,2,80,1,15
rbf_l2,120,1.0787798164510705,2,80,1,15
lin,140,1.08846836954429,2,80,1,15
tanh,140,1.0594007472417106,2,80,1,15
rbf_l2,140,1.0663117230601826,2,80,1,15
lin,160,1.104904219060566,2,80,1,15
tanh,160,1.0505460238689808,2,80,1,15
rbf_l2,160,1.0672987005461108,2,80,1,15
lin,40,1.1233950209067207,2,80,3,15
tanh,40,1.1398838634961603,2,80,3,15
rbf_l2,40,1.143723785003511,2,80,3,15
lin,60,1.107678328222921,2,80,3,15
tanh,60,1.11644338902068,2,80,3,15
rbf_l2,60,1.120132743901466,2,80,3,15
lin,80,1.0956722303650661,2,80,3,15
tanh,80,1.104677634177956,2,80,3,15
rbf_l2,80,1.1010232539512717,2,80,3,15
lin,120,1.0979621773479793,2,80,3,15
tanh,120,1.0566910170986723,2,80,3,15
rbf_l2,120,1.0578848719862903,2,80,3,15
lin,140,1.0944376535088503,2,80,3,15
tanh,140,1.0701065137395518,2,80,3,15
rbf_l2,140,1.0712926043732653,2,80,3,15
lin,160,1.092320239092766,2,80,3,15
tanh,160,1.0729001275716425,2,80,3,15
rbf_l2,160,1.0624170251171834,2,80,3,15
lin,40,1.1342954990451122,2,80,5,15
tanh,40,1.1447743959194177,2,80,5,15
rbf_l2,40,1.1340515155159518,2,80,5,15
lin,60,1.1126977489702008,2,80,5,15
tanh,60,1.1313449523284616,2,80,5,15
rbf_l2,60,1.1086541575943134,2,80,5,15
lin,80,1.1087395508169635,2,80,5,15
tanh,80,1.0934040080289888,2,80,5,15
rbf_l2,80,1.1116812764236594,2,80,5,15
lin,120,1.0903592506863482,2,80,5,15
tanh,120,1.0916071966917489,2,80,5,15
rbf_l2,120,1.0704123762209092,2,80,5,15
lin,140,1.095261753137107,2,80,5,15
tanh,140,1.0788837445107546,2,80,5,15
rbf_l2,140,1.0675009395643495,2,80,5,15
lin,160,1.0902246921116894,2,80,5,15
tanh,160,1.0627016198514698,2,80,5,15
rbf_l2,160,1.0451736465219665,2,80,5,15
lin,40,1.1311494892404876,5,80,1,15
tanh,40,1.1251099314894113,5,80,1,15
rbf_l2,40,1.139674149812938,5,80,1,15
lin,60,1.1016544184741688,5,80,1,15
tanh,60,1.1037437282019165,5,80,1,15
rbf_l2,60,1.1174786083756179,5,80,1,15
lin,80,1.0820323247884074,5,80,1,15
tanh,80,1.0944856803760323,5,80,1,15
rbf_l2,80,1.0859054461339037,5,80,1,15
lin,120,1.091197861477872,5,80,1,15
tanh,120,1.0707050357363752,5,80,1,15
rbf_l2,120,1.0647102917844016,5,80,1,15
lin,140,1.0885991570342113,5,80,1,15
tanh,140,1.0487310195536563,5,80,1,15
rbf_l2,140,1.051369926426253,5,80,1,15
lin,160,1.086060456626829,5,80,1,15
tanh,160,1.0424864952642432,5,80,1,15
rbf_l2,160,1.0521834941706323,5,80,1,15
lin,40,1.1359570081294446,5,80,3,15
tanh,40,1.1378103326147357,5,80,3,15
rbf_l2,40,1.1370301529152442,5,80,3,15
lin,60,1.0987692813081522,5,80,3,15
tanh,60,1.1009490438631535,5,80,3,15
rbf_l2,60,1.1014927325906605,5,80,3,15
lin,80,1.0889364865581783,5,80,3,15
tanh,80,1.0851499638427053,5,80,3,15
rbf_l2,80,1.0882634972929495,5,80,3,15
lin,120,1.0929952192331993,5,80,3,15
tanh,120,1.059942771539425,5,80,3,15
rbf_l2,120,1.0603720419063836,5,80,3,15
lin,140,1.0842010111532718,5,80,3,15
tanh,140,1.049322752947132,5,80,3,15
rbf_l2,140,1.0467090379833468,5,80,3,15
lin,160,1.0921813656611532,5,80,3,15
tanh,160,1.0431516553607316,5,80,3,15
rbf_l2,160,1.0430317449682602,5,80,3,15
lin,40,1.1358543379157169,5,80,5,15
tanh,40,1.1233628003904115,5,80,5,15
rbf_l2,40,1.1335995850687692,5,80,5,15
lin,60,1.102586991955545,5,80,5,15
tanh,60,1.1133987457305452,5,80,5,15
rbf_l2,60,1.1241245560655162,5,80,5,15
lin,80,1.0818120843317705,5,80,5,15
tanh,80,1.0911515765718531,5,80,5,15
rbf_l2,80,1.0888049657513441,5,80,5,15
lin,120,1.0903926854486705,5,80,5,15
tanh,120,1.0557891931149213,5,80,5,15
rbf_l2,120,1.084003829474296,5,80,5,15
lin,140,1.089626413800335,5,80,5,15
tanh,140,1.045394582895058,5,80,5,15
rbf_l2,140,1.0590553858028522,5,80,5,15
lin,160,1.0953350910084958,5,80,5,15
tanh,160,1.035142053041779,5,80,5,15
rbf_l2,160,1.0523762644368784,5,80,5,15
lin,40,1.1427336512544684,7,80,1,15
tanh,40,1.149052716603007,7,80,1,15
rbf_l2,40,1.1309303531631185,7,80,1,15
lin,60,1.094195729407635,7,80,1,15
tanh,60,1.108172561292444,7,80,1,15
rbf_l2,60,1.0995652828687468,7,80,1,15
lin,80,1.0853127139935113,7,80,1,15
tanh,80,1.089480402619191,7,80,1,15
rbf_l2,80,1.0774656260365172,7,80,1,15
lin,120,1.0844289789404922,7,80,1,15
tanh,120,1.0668525669746638,7,80,1,15
rbf_l2,120,1.0735201906504872,7,80,1,15
lin,140,1.0919342694002878,7,80,1,15
tanh,140,1.0588298743016948,7,80,1,15
rbf_l2,140,1.0665934879800043,7,80,1,15
lin,160,1.0793286713812065,7,80,1,15
tanh,160,1.0448615237426169,7,80,1,15
rbf_l2,160,1.040272456286881,7,80,1,15
lin,40,1.1157060752203913,7,80,3,15
tanh,40,1.1551053592724323,7,80,3,15
rbf_l2,40,1.148368326373946,7,80,3,15
lin,60,1.0956769697207571,7,80,3,15
tanh,60,1.109657446584397,7,80,3,15
rbf_l2,60,1.1104091127384335,7,80,3,15
lin,80,1.0934895358900092,7,80,3,15
tanh,80,1.0932572718932247,7,80,3,15
rbf_l2,80,1.087402127352671,7,80,3,15
lin,120,1.0938732929103478,7,80,3,15
tanh,120,1.0528283047423526,7,80,3,15
rbf_l2,120,1.0580713073241221,7,80,3,15
lin,140,1.0856067660586932,7,80,3,15
tanh,140,1.040865705144463,7,80,3,15
rbf_l2,140,1.0488357893314149,7,80,3,15
lin,160,1.0942683135394968,7,80,3,15
tanh,160,1.0624105916138888,7,80,3,15
rbf_l2,160,1.0583028492141113,7,80,3,15
lin,40,1.1423824238607412,7,80,5,15
tanh,40,1.1509645238496706,7,80,5,15
rbf_l2,40,1.1356515838712478,7,80,5,15
lin,60,1.1054868999515801,7,80,5,15
tanh,60,1.1030078692478609,7,80,5,15
rbf_l2,60,1.1089101431487376,7,80,5,15
lin,80,1.0925826370286997,7,80,5,15
tanh,80,1.0894998947567578,7,80,5,15
rbf_l2,80,1.0869401012080533,7,80,5,15
lin,120,1.0877129464467028,7,80,5,15
tanh,120,1.0596339493318008,7,80,5,15
rbf_l2,120,1.0552966624136804,7,80,5,15
lin,140,1.0936552533769306,7,80,5,15
tanh,140,1.0544051039847564,7,80,5,15
rbf_l2,140,1.053875618326597,7,80,5,15
lin,160,1.0930124703509967,7,80,5,15
tanh,160,1.0469039070990989,7,80,5,15
rbf_l2,160,1.047472379001728,7,80,5,15
lin,50,1.118050240503941,2,100,1,15
tanh,50,1.1397628764953687,2,100,1,15
rbf_l2,50,1.1500991656078203,2,100,1,15
lin,75,1.10085720370263,2,100,1,15
tanh,75,1.1202029121234864,2,100,1,15
rbf_l2,75,1.1196108134750122,2,100,1,15
lin,100,1.0881098669387808,2,100,1,15
tanh,100,1.0788915318107972,2,100,1,15
rbf_l2,100,1.0952638626593603,2,100,1,15
lin,150,1.0928741708047536,2,100,1,15
tanh,150,1.072245993832651,2,100,1,15
rbf_l2,150,1.0669894923229537,2,100,1,15
lin,175,1.092365248881858,2,100,1,15
tanh,175,1.062250959084467,2,100,1,15
rbf_l2,175,1.0562917015139888,2,100,1,15
lin,200,1.0891914603573178,2,100,1,15
tanh,200,1.0536478703666614,2,100,1,15
rbf_l2,200,1.0580592657644545,2,100,1,15
lin,50,1.12712453266751,2,100,3,15
tanh,50,1.1407271181387748,2,100,3,15
rbf_l2,50,1.1402272535405364,2,100,3,15
lin,75,1.1107139078662063,2,100,3,15
tanh,75,1.11092006549256,2,100,3,15
rbf_l2,75,1.11033649219241,2,100,3,15
lin,100,1.0961112870741314,2,100,3,15
tanh,100,1.087441861661023,2,100,3,15
rbf_l2,100,1.099088775517202,2,100,3,15
lin,150,1.093478500507095,2,100,3,15
tanh,150,1.0614590483243709,2,100,3,15
rbf_l2,150,1.065903348553259,2,100,3,15
lin,175,1.0977631257524805,2,100,3,15
tanh,175,1.0612580137577603,2,100,3,15
rbf_l2,175,1.0616861560173594,2,100,3,15
lin,200,1.0919063987200044,2,100,3,15
tanh,200,1.0459487578984743,2,100,3,15
rbf_l2,200,1.0678495979368001,2,100,3,15
lin,50,1.1336354315619985,2,100,5,15
tanh,50,1.1513634148668301,2,100,5,15
rbf_l2,50,1.1275781336399204,2,100,5,15
lin,75,1.0953487877130357,2,100,5,15
tanh,75,1.1023857289586845,2,100,5,15
rbf_l2,75,1.1002839333759131,2,100,5,15
lin,100,1.1011658034129617,2,100,5,15
tanh,100,1.0931275647312177,2,100,5,15
rbf_l2,100,1.095440644314074,2,100,5,15
lin,150,1.0928624356532253,2,100,5,15
tanh,150,1.0668642025041613,2,100,5,15
rbf_l2,150,1.0741966881440923,2,100,5,15
lin,175,1.0976721637178488,2,100,5,15
tanh,175,1.0646810690116673,2,100,5,15
rbf_l2,175,1.0676979774118291,2,100,5,15
lin,200,1.0886290461847479,2,100,5,15
tanh,200,1.045241815027525,2,100,5,15
rbf_l2,200,1.0505094716353789,2,100,5,15
lin,50,1.1118114461520021,5,100,1,15
tanh,50,1.1285507990549961,5,100,1,15
rbf_l2,50,1.1431242839318645,5,100,1,15
lin,75,1.0948732984594298,5,100,1,15
tanh,75,1.1108999179828847,5,100,1,15
rbf_l2,75,1.108635692580864,5,100,1,15
lin,100,1.0905832805634996,5,100,1,15
tanh,100,1.0678217917478066,5,100,1,15
rbf_l2,100,1.088934016724527,5,100,1,15
lin,150,1.0908828791215341,5,100,1,15
tanh,150,1.0487067005694315,5,100,1,15
rbf_l2,150,1.0687761789657744,5,100,1,15
lin,175,1.097787128732679,5,100,1,15
tanh,175,1.0491240138892177,5,100,1,15
rbf_l2,175,1.0520308292635765,5,100,1,15
lin,200,1.0864719818822364,5,100,1,15
tanh,200,1.057302914336746,5,100,1,15
rbf_l2,200,1.0436042145382591,5,100,1,15
lin,50,1.1125186618728538,5,100,3,15
tanh,50,1.1272880019852525,5,100,3,15
rbf_l2,50,1.1277729536269447,5,100,3,15
lin,75,1.0964960649025763,5,100,3,15
tanh,75,1.101701112787293,5,100,3,15
rbf_l2,75,1.0985216800927147,5,100,3,15
lin,100,1.0838221396321956,5,100,3,15
tanh,100,1.084047299410495,5,100,3,15
rbf_l2,100,1.092397967614027,5,100,3,15
lin,150,1.092668479113509,5,100,3,15
tanh,150,1.0621979914413462,5,100,3,15
rbf_l2,150,1.0598867407697106,5,100,3,15
lin,175,1.0830226860640968,5,100,3,15
tanh,175,1.0432908701247687,5,100,3,15
rbf_l2,175,1.0489655251146999,5,100,3,15
lin,200,1.0883771631797734,5,100,3,15
tanh,200,1.0474728149502095,5,100,3,15
rbf_l2,200,1.0455211109593903,5,100,3,15
lin,50,1.101590786828647,5,100,5,15
tanh,50,1.1450699696793056,5,100,5,15
rbf_l2,50,1.1452645311481984,5,100,5,15
lin,75,1.09831256187681,5,100,5,15
tanh,75,1.1086716358486692,5,100,5,15
rbf_l2,75,1.1128230410654922,5,100,5,15
lin,100,1.0849732041837419,5,100,5,15
tanh,100,1.080606320475422,5,100,5,15
rbf_l2,100,1.0900548315826302,5,100,5,15
lin,150,1.090502474069881,5,100,5,15
tanh,150,1.0561194170076713,5,100,5,15
rbf_l2,150,1.053554727641189,5,100,5,15
lin,175,1.0847484635747076,5,100,5,15
tanh,175,1.0428798966625954,5,100,5,15
rbf_l2,175,1.0501514921148078,5,100,5,15
lin,200,1.0902376179666802,5,100,5,15
tanh,200,1.0440179212762477,5,100,5,15
rbf_l2,200,1.0472071364416384,5,100,5,15
lin,50,1.1223010193524492,7,100,1,15
tanh,50,1.1264565154100175,7,100,1,15
rbf_l2,50,1.1217850542618253,7,100,1,15
lin,75,1.1006183306360213,7,100,1,15
tanh,75,1.0917120916728025,7,100,1,15
rbf_l2,75,1.1038705161130304,7,100,1,15
lin,100,1.09059096268591,7,100,1,15
tanh,100,1.0854830502891613,7,100,1,15
rbf_l2,100,1.0891672893342335,7,100,1,15
lin,150,1.090737424674455,7,100,1,15
tanh,150,1.0472968296595029,7,100,1,15
rbf_l2,150,1.054229741381701,7,100,1,15
lin,175,1.091761476642568,7,100,1,15
tanh,175,1.0451744127955886,7,100,1,15
rbf_l2,175,1.0375400256557223,7,100,1,15
lin,200,1.0883882230407347,7,100,1,15
tanh,200,1.0414832100482583,7,100,1,15
rbf_l2,200,1.0467765429538418,7,100,1,15
lin,50,1.120254671717719,7,100,3,15
tanh,50,1.1192467677963012,7,100,3,15
rbf_l2,50,1.124227123009056,7,100,3,15
lin,75,1.1083269910139895,7,100,3,15
tanh,75,1.0813683368936962,7,100,3,15
rbf_l2,75,1.1012798349807198,7,100,3,15
lin,100,1.0914576410758343,7,100,3,15
tanh,100,1.069886741740039,7,100,3,15
rbf_l2,100,1.0812784610496533,7,100,3,15
lin,150,1.0780279300105438,7,100,3,15
tanh,150,1.0662793045772263,7,100,3,15
rbf_l2,150,1.0722051604245002,7,100,3,15
lin,175,1.0886936399360976,7,100,3,15
tanh,175,1.042462526046427,7,100,3,15
rbf_l2,175,1.0632259040902183,7,100,3,15
lin,200,1.0850456340998236,7,100,3,15
tanh,200,1.0414907188472473,7,100,3,15
rbf_l2,200,1.0372948129219428,7,100,3,15
lin,50,1.1229181599089313,7,100,5,15
tanh,50,1.139749539460044,7,100,5,15
rbf_l2,50,1.1338611754062968,7,100,5,15
lin,75,1.1062813773765023,7,100,5,15
tanh,75,1.0905496532452112,7,100,5,15
rbf_l2,75,1.1148803549368942,7,100,5,15
lin,100,1.0905956026936763,7,100,5,15
tanh,100,1.0818667659846424,7,100,5,15
rbf_l2,100,1.0813958288299141,7,100,5,15
lin,150,1.0887964805697354,7,100,5,15
tanh,150,1.057835717900742,7,100,5,15
rbf_l2,150,1.063850940736987,7,100,5,15
lin,175,1.084045248162727,7,100,5,15
tanh,175,1.0558907827586275,7,100,5,15
rbf_l2,175,1.047023962367956,7,100,5,15
lin,200,1.0895324863410532,7,100,5,15
tanh,200,1.0460445174914104,7,100,5,15
rbf_l2,200,1.0411411711767797,7,100,5,15
lin,65,1.1433646354209073,2,130,1,15
tanh,65,1.128583430554328,2,130,1,15
rbf_l2,65,1.1239889805406023,2,130,1,15
lin,97,1.1133511303858572,2,130,1,15
tanh,97,1.1012550676549109,2,130,1,15
rbf_l2,97,1.1011609944516645,2,130,1,15
lin,130,1.0739438270315629,2,130,1,15
tanh,130,1.0748585614196515,2,130,1,15
rbf_l2,130,1.091064184454002,2,130,1,15
lin,195,1.100491406142924,2,130,1,15
tanh,195,1.0591952220813732,2,130,1,15
rbf_l2,195,1.0637982555146306,2,130,1,15
lin,227,1.086474558655882,2,130,1,15
tanh,227,1.0529906802193039,2,130,1,15
rbf_l2,227,1.0379354497576712,2,130,1,15
lin,260,1.0795388437314994,2,130,1,15
tanh,260,1.0474950237231928,2,130,1,15
rbf_l2,260,1.0538759114032943,2,130,1,15
lin,65,1.1182118572013173,2,130,3,15
tanh,65,1.1428333109995,2,130,3,15
rbf_l2,65,1.134098711038203,2,130,3,15
lin,97,1.1103750697845443,2,130,3,15
tanh,97,1.0943600707192251,2,130,3,15
rbf_l2,97,1.1069847456158584,2,130,3,15
lin,130,1.0844280973740954,2,130,3,15
tanh,130,1.0763350042147504,2,130,3,15
rbf_l2,130,1.0956140191383752,2,130,3,15
lin,195,1.093157208856407,2,130,3,15
tanh,195,1.0615864737240375,2,130,3,15
rbf_l2,195,1.0646705931663016,2,130,3,15
lin,227,1.0931273194064128,2,130,3,15
tanh,227,1.0588044000358092,2,130,3,15
rbf_l2,227,1.0488558156790995,2,130,3,15
lin,260,1.0834415223891938,2,130,3,15
tanh,260,1.0548715276845595,2,130,3,15
rbf_l2,260,1.059048481421596,2,130,3,15
lin,65,1.1254077580955046,2,130,5,15
tanh,65,1.1188997306608295,2,130,5,15
rbf_l2,65,1.1276810997188613,2,130,5,15
lin,97,1.1097584341110598,2,130,5,15
tanh,97,1.108711972354598,2,130,5,15
rbf_l2,97,1.1082729568747642,2,130,5,15
lin,130,1.0871365331103702,2,130,5,15
tanh,130,1.0772632840797347,2,130,5,15
rbf_l2,130,1.0905192379004742,2,130,5,15
lin,195,1.090533322163291,2,130,5,15
tanh,195,1.0531429961729442,2,130,5,15
rbf_l2,195,1.061216144186658,2,130,5,15
lin,227,1.1002922310365841,2,130,5,15
tanh,227,1.0398672983566528,2,130,5,15
rbf_l2,227,1.0534838622986762,2,130,5,15
lin,260,1.0992019617441442,2,130,5,15
tanh,260,1.0475360525621908,2,130,5,15
rbf_l2,260,1.0583983212674788,2,130,5,15
lin,65,1.1248773127617866,5,130,1,15
tanh,65,1.1198759029927445,5,130,1,15
rbf_l2,65,1.1093695763683091,5,130,1,15
lin,97,1.1042834144062275,5,130,1,15
tanh,97,1.0997943240557881,5,130,1,15
rbf_l2,97,1.0932848994250572,5,130,1,15
lin,130,1.0802367604788903,5,130,1,15
tanh,130,1.0741248403655457,5,130,1,15
rbf_l2,130,1.0913304342357857,5,130,1,15
lin,195,1.0739448475794915,5,130,1,15
tanh,195,1.055855140453159,5,130,1,15
rbf_l2,195,1.045907205714326,5,130,1,15
lin,227,1.0754023686939735,5,130,1,15
tanh,227,1.0442365271149883,5,130,1,15
rbf_l2,227,1.0465917760841572,5,130,1,15
lin,260,1.0780426010873432,5,130,1,15
tanh,260,1.0512952774155038,5,130,1,15
rbf_l2,260,1.0348310912099103,5,130,1,15
lin,65,1.1215567761763139,5,130,3,15
tanh,65,1.1172758572731172,5,130,3,15
rbf_l2,65,1.1053836728936919,5,130,3,15
lin,97,1.089197678655316,5,130,3,15
tanh,97,1.0898710521795139,5,130,3,15
rbf_l2,97,1.1043755458920355,5,130,3,15
lin,130,1.0838618939464548,5,130,3,15
tanh,130,1.0673609058727467,5,130,3,15
rbf_l2,130,1.0854196209645184,5,130,3,15
lin,195,1.0792483119798686,5,130,3,15
tanh,195,1.0688407162212656,5,130,3,15
rbf_l2,195,1.0609863326529223,5,130,3,15
lin,227,1.0777449637627918,5,130,3,15
tanh,227,1.037241033422235,5,130,3,15
rbf_l2,227,1.0412259529565258,5,130,3,15
lin,260,1.0835207532149986,5,130,3,15
tanh,260,1.0365098018440109,5,130,3,15
rbf_l2,260,1.0292996455420127,5,130,3,15
lin,65,1.1151990460463592,5,130,5,15
tanh,65,1.1236718341408882,5,130,5,15
rbf_l2,65,1.1194698284836897,5,130,5,15
lin,97,1.09796632006503,5,130,5,15
tanh,97,1.1065541866331325,5,130,5,15
rbf_l2,97,1.0987416433030655,5,130,5,15
lin,130,1.086237387012159,5,130,5,15
tanh,130,1.06730594761432,5,130,5,15
rbf_l2,130,1.0777117944330237,5,130,5,15
lin,195,1.0897205229952447,5,130,5,15
tanh,195,1.0577447389623582,5,130,5,15
rbf_l2,195,1.050905453937911,5,130,5,15
lin,227,1.0871979055610501,5,130,5,15
tanh,227,1.0451161956446557,5,130,5,15
rbf_l2,227,1.048332942669484,5,130,5,15
lin,260,1.0854096532618018,5,130,5,15
tanh,260,1.0483631244310514,5,130,5,15
rbf_l2,260,1.0296698442359544,5,130,5,15
lin,65,1.1240212708644381,7,130,1,15
tanh,65,1.1035601978917557,7,130,1,15
rbf_l2,65,1.1333941866601476,7,130,1,15
lin,97,1.0953509770712933,7,130,1,15
tanh,97,1.0952582243583207,7,130,1,15
rbf_l2,97,1.0843852136031589,7,130,1,15
lin,130,1.0825719351407144,7,130,1,15
tanh,130,1.0779151564439906,7,130,1,15
rbf_l2,130,1.0819681607378473,7,130,1,15
lin,195,1.089369971062978,7,130,1,15
tanh,195,1.0580459254806185,7,130,1,15
rbf_l2,195,1.0412541562406026,7,130,1,15
lin,227,1.078407334002725,7,130,1,15
tanh,227,1.0570864607569277,7,130,1,15
rbf_l2,227,1.0477931698955463,7,130,1,15
lin,260,1.0867453153725453,7,130,1,15
tanh,260,1.0455491879242274,7,130,1,15
rbf_l2,260,1.0392381627077287,7,130,1,15
lin,65,1.115130900775804,7,130,3,15
tanh,65,1.1228884368343999,7,130,3,15
rbf_l2,65,1.1158296931188034,7,130,3,15
lin,97,1.0855115502803048,7,130,3,15
tanh,97,1.0808612843738656,7,130,3,15
rbf_l2,97,1.1007061392866402,7,130,3,15
lin,130,1.077087783512248,7,130,3,15
tanh,130,1.0837095580148222,7,130,3,15
rbf_l2,130,1.0803849343867362,7,130,3,15
lin,195,1.0769830360857107,7,130,3,15
tanh,195,1.0486624114332599,7,130,3,15
rbf_l2,195,1.0493083780564993,7,130,3,15
lin,227,1.078567013167181,7,130,3,15
tanh,227,1.0475030297133947,7,130,3,15
rbf_l2,227,1.0400156967331056,7,130,3,15
lin,260,1.087722391137793,7,130,3,15
tanh,260,1.045041766404056,7,130,3,15
rbf_l2,260,1.0423545557778655,7,130,3,15
lin,65,1.1204912876189623,7,130,5,15
tanh,65,1.1353848385437773,7,130,5,15
rbf_l2,65,1.1118331978229334,7,130,5,15
lin,97,1.1034289741525636,7,130,5,15
tanh,97,1.085686257622939,7,130,5,15
rbf_l2,97,1.1034081005278034,7,130,5,15
lin,130,1.0886124455416386,7,130,5,15
tanh,130,1.0762015193726038,7,130,5,15
rbf_l2,130,1.0798078219161418,7,130,5,15
lin,195,1.0857897659845965,7,130,5,15
tanh,195,1.0527717144284847,7,130,5,15
rbf_l2,195,1.0462025029122852,7,130,5,15
lin,227,1.0852156396678716,7,130,5,15
tanh,227,1.0353844916337551,7,130,5,15
rbf_l2,227,1.0468127087813026,7,130,5,15
lin,260,1.0826904311185228,7,130,5,15
tanh,260,1.0277018364706998,7,130,5,15
rbf_l2,260,1.0410951862093485,7,130,5,15
lin,75,1.1182752456896234,2,150,1,15
tanh,75,1.1221164513495654,2,150,1,15
rbf_l2,75,1.1073485291759826,2,150,1,15
lin,112,1.108668128098517,2,150,1,15
tanh,112,1.0998416190921323,2,150,1,15
rbf_l2,112,1.0986037511026034,2,150,1,15
lin,150,1.0925583880183543,2,150,1,15
tanh,150,1.0828264456459837,2,150,1,15
rbf_l2,150,1.0879881028535723,2,150,1,15
lin,225,1.0919447357726273,2,150,1,15
tanh,225,1.0628294917628576,2,150,1,15
rbf_l2,225,1.0608840528877566,2,150,1,15
lin,262,1.0881065897001292,2,150,1,15
tanh,262,1.05480637010489,2,150,1,15
rbf_l2,262,1.058137976672168,2,150,1,15
lin,300,1.093999246628922,2,150,1,15
tanh,300,1.041508864905858,2,150,1,15
rbf_l2,300,1.0500459579400812,2,150,1,15
lin,75,1.1220524520341957,2,150,3,15
tanh,75,1.1348244853479597,2,150,3,15
rbf_l2,75,1.1245217374736007,2,150,3,15
lin,112,1.1063341784346923,2,150,3,15
tanh,112,1.0898724165330094,2,150,3,15
rbf_l2,112,1.1152099760020675,2,150,3,15
lin,150,1.0838046792936713,2,150,3,15
tanh,150,1.07539575391607,2,150,3,15
rbf_l2,150,1.1004412074328769,2,150,3,15
lin,225,1.0965903912540254,2,150,3,15
tanh,225,1.067464358075689,2,150,3,15
rbf_l2,225,1.0706698756197375,2,150,3,15
lin,262,1.0861602153940044,2,150,3,15
tanh,262,1.0477162669905917,2,150,3,15
rbf_l2,262,1.0651043966021514,2,150,3,15
lin,300,1.0843063882386197,2,150,3,15
tanh,300,1.0375551335521491,2,150,3,15
rbf_l2,300,1.050976569187317,2,150,3,15
lin,75,1.1220404492973572,2,150,5,15
tanh,75,1.1358447142827983,2,150,5,15
rbf_l2,75,1.1182219675588245,2,150,5,15
lin,112,1.099264650717196,2,150,5,15
tanh,112,1.105489134102369,2,150,5,15
rbf_l2,112,1.1022893332134955,2,150,5,15
lin,150,1.0910086596469342,2,150,5,15
tanh,150,1.0872190333086134,2,150,5,15
rbf_l2,150,1.087305020157693,2,150,5,15
lin,225,1.094168613294381,2,150,5,15
tanh,225,1.0504129421410817,2,150,5,15
rbf_l2,225,1.0448271680642622,2,150,5,15
lin,262,1.0871737921635305,2,150,5,15
tanh,262,1.0367841330731442,2,150,5,15
rbf_l2,262,1.058589798171278,2,150,5,15
lin,300,1.083254204502786,2,150,5,15
tanh,300,1.0498650237532496,2,150,5,15
rbf_l2,300,1.0373241198378311,2,150,5,15
lin,75,1.1242554442000738,5,150,1,15
tanh,75,1.1111366581568958,5,150,1,15
rbf_l2,75,1.1306653108703746,5,150,1,15
lin,112,1.094713167492788,5,150,1,15
tanh,112,1.1005812763203398,5,150,1,15
rbf_l2,112,1.0928805573159397,5,150,1,15
lin,150,1.088042470708982,5,150,1,15
tanh,150,1.0746685252006125,5,150,1,15
rbf_l2,150,1.0849509751383881,5,150,1,15
lin,225,1.0837464625823863,5,150,1,15
tanh,225,1.0533283675264529,5,150,1,15
rbf_l2,225,1.0555974248426285,5,150,1,15
lin,262,1.0743534386369968,5,150,1,15
tanh,262,1.041411478203218,5,150,1,15
rbf_l2,262,1.041585832987732,5,150,1,15
lin,300,1.0796927454372116,5,150,1,15
tanh,300,1.0388745961857149,5,150,1,15
rbf_l2,300,1.0442755190121213,5,150,1,15
lin,75,1.1265802531302775,5,150,3,15
tanh,75,1.1155922460763343,5,150,3,15
rbf_l2,75,1.1174590278383574,5,150,3,15
lin,112,1.1036172551374903,5,150,3,15
tanh,112,1.0886886813314858,5,150,3,15
rbf_l2,112,1.0933279610366138,5,150,3,15
lin,150,1.0825101705217919,5,150,3,15
tanh,150,1.0745133466380117,5,150,3,15
rbf_l2,150,1.0823378653487243,5,150,3,15
lin,225,1.0716751512729634,5,150,3,15
tanh,225,1.0418340173585647,5,150,3,15
rbf_l2,225,1.0522733087957026,5,150,3,15
lin,262,1.079068542009832,5,150,3,15
tanh,262,1.048485469055258,5,150,3,15
rbf_l2,262,1.041392634362874,5,150,3,15
lin,300,1.0774409067043484,5,150,3,15
tanh,300,1.0396765331672178,5,150,3,15
rbf_l2,300,1.0387526262014422,5,150,3,15
lin,75,1.1263602035416382,5,150,5,15
tanh,75,1.1145786026677764,5,150,5,15
rbf_l2,75,1.1096769074714894,5,150,5,15
lin,112,1.0971051628894706,5,150,5,15
tanh,112,1.0831404705415544,5,150,5,15
rbf_l2,112,1.0911927175383518,5,150,5,15
lin,150,1.085417941868569,5,150,5,15
tanh,150,1.0686561080038202,5,150,5,15
rbf_l2,150,1.085691790758873,5,150,5,15
lin,225,1.0833847588677343,5,150,5,15
tanh,225,1.0547481792891618,5,150,5,15
rbf_l2,225,1.056303346674784,5,150,5,15
lin,262,1.0807753483920843,5,150,5,15
tanh,262,1.0323656526561213,5,150,5,15
rbf_l2,262,1.0424200063806346,5,150,5,15
lin,300,1.0820666024581989,5,150,5,15
tanh,300,1.037230851715396,5,150,5,15
rbf_l2,300,1.0390895808092613,5,150,5,15
lin,75,1.122491605831605,7,150,1,15
tanh,75,1.0960812140383305,7,150,1,15
rbf_l2,75,1.1322314611260502,7,150,1,15
lin,112,1.0935244847103684,7,150,1,15
tanh,112,1.0818768809402537,7,150,1,15
rbf_l2,112,1.0893617290817035,7,150,1,15
lin,150,1.0832917007450795,7,150,1,15
tanh,150,1.075307555703328,7,150,1,15
rbf_l2,150,1.0789929122585242,7,150,1,15
lin,225,1.0711782550945426,7,150,1,15
tanh,225,1.0428357386115243,7,150,1,15
rbf_l2,225,1.0475896146882817,7,150,1,15
lin,262,1.0862116332369705,7,150,1,15
tanh,262,1.0419495708246178,7,150,1,15
rbf_l2,262,1.0430193128661593,7,150,1,15
lin,300,1.0794667234637711,7,150,1,15
tanh,300,1.0436069808164772,7,150,1,15
rbf_l2,300,1.0315294593356998,7,150,1,15
lin,75,1.0990709428205667,7,150,3,15
tanh,75,1.1054459305333044,7,150,3,15
rbf_l2,75,1.1271227468220657,7,150,3,15
lin,112,1.092201771139227,7,150,3,15
tanh,112,1.0907581105957342,7,150,3,15
rbf_l2,112,1.0947142580436644,7,150,3,15
lin,150,1.079580731612085,7,150,3,15
tanh,150,1.0731833056206657,7,150,3,15
rbf_l2,150,1.0885415463820993,7,150,3,15
lin,225,1.0839808126472308,7,150,3,15
tanh,225,1.0380730848096789,7,150,3,15
rbf_l2,225,1.0517306467606318,7,150,3,15
lin,262,1.0792858802050769,7,150,3,15
tanh,262,1.0386667146367075,7,150,3,15
rbf_l2,262,1.0428828312541174,7,150,3,15
lin,300,1.0769710633561638,7,150,3,15
tanh,300,1.0405320131391447,7,150,3,15
rbf_l2,300,1.0337469768003633,7,150,3,15
lin,75,1.122923382831118,7,150,5,15
tanh,75,1.1174421418734686,7,150,5,15
rbf_l2,75,1.120034247961397,7,150,5,15
lin,112,1.0936834945977743,7,150,5,15
tanh,112,1.0905643751887235,7,150,5,15
rbf_l2,112,1.1009410426805213,7,150,5,15
lin,150,1.0774633809587086,7,150,5,15
tanh,150,1.065304497809134,7,150,5,15
rbf_l2,150,1.081654885010658,7,150,5,15
lin,225,1.0782466744845345,7,150,5,15
tanh,225,1.0468236468261645,7,150,5,15
rbf_l2,225,1.044765088585465,7,150,5,15
lin,262,1.0836373940652224,7,150,5,15
tanh,262,1.0447418193544742,7,150,5,15
rbf_l2,262,1.0385218003528538,7,150,5,15
lin,300,1.0872006647714147,7,150,5,15
tanh,300,1.0242645654726539,7,150,5,15
rbf_l2,300,1.0287362704445722,7,150,5,15
lin,100,1.1114622213586236,2,200,1,15
tanh,100,1.1206642455269098,2,200,1,15
rbf_l2,100,1.1229503333714324,2,200,1,15
lin,150,1.0866887030923589,2,200,1,15
tanh,150,1.086538209222471,2,200,1,15
rbf_l2,150,1.0960418744974312,2,200,1,15
lin,200,1.0824400300896246,2,200,1,15
tanh,200,1.0789558170765763,2,200,1,15
rbf_l2,200,1.0789356652863273,2,200,1,15
lin,300,1.086110089744944,2,200,1,15
tanh,300,1.0591653046105194,2,200,1,15
rbf_l2,300,1.0522359400673145,2,200,1,15
lin,350,1.0815108437218437,2,200,1,15
tanh,350,1.0463037391417431,2,200,1,15
rbf_l2,350,1.0508393865051153,2,200,1,15
lin,400,1.0832216403298665,2,200,1,15
tanh,400,1.0456771444784334,2,200,1,15
rbf_l2,400,1.0442942216129572,2,200,1,15
lin,100,1.1168059484475605,2,200,3,15
tanh,100,1.1034106792171436,2,200,3,15
rbf_l2,100,1.125308983536846,2,200,3,15
lin,150,1.0868386392933107,2,200,3,15
tanh,150,1.0927813282677485,2,200,3,15
rbf_l2,150,1.1001236723604861,2,200,3,15
lin,200,1.0862002526023589,2,200,3,15
tanh,200,1.0727908409566314,2,200,3,15
rbf_l2,200,1.0816498835813386,2,200,3,15
lin,300,1.0795469493965646,2,200,3,15
tanh,300,1.049728749958091,2,200,3,15
rbf_l2,300,1.05478890216891,2,200,3,15
lin,350,1.0809660720327503,2,200,3,15
tanh,350,1.0534559918377155,2,200,3,15
rbf_l2,350,1.0463032343927954,2,200,3,15
lin,400,1.0815164419589132,2,200,3,15
tanh,400,1.0522908974020813,2,200,3,15
rbf_l2,400,1.0351648959968478,2,200,3,15
lin,100,1.1163207516956275,2,200,5,15
tanh,100,1.1173985562749391,2,200,5,15
rbf_l2,100,1.1146009380916133,2,200,5,15
lin,150,1.0938096068948284,2,200,5,15
tanh,150,1.0909924666329514,2,200,5,15
rbf_l2,150,1.0928499764865323,2,200,5,15
lin,200,1.07505030468799,2,200,5,15
tanh,200,1.072452967163266,2,200,5,15
rbf_l2,200,1.0793484599946894,2,200,5,15
lin,300,1.075677210029323,2,200,5,15
tanh,300,1.0447702470061762,2,200,5,15
rbf_l2,300,1.054171889093285,2,200,5,15
lin,350,1.0864897949983754,2,200,5,15
tanh,350,1.037912821868425,2,200,5,15
rbf_l2,350,1.0365103372584423,2,200,5,15
lin,400,1.0796357944206718,2,200,5,15
tanh,400,1.033798235867724,2,200,5,15
rbf_l2,400,1.040419806062523,2,200,5,15
lin,100,1.1147633136659285,5,200,1,15
tanh,100,1.1014735589333369,5,200,1,15
rbf_l2,100,1.099488421994805,5,200,1,15
lin,150,1.0890666350475235,5,200,1,15
tanh,150,1.0835431088333896,5,200,1,15
rbf_l2,150,1.0913087006805404,5,200,1,15
lin,200,1.068774756122385,5,200,1,15
tanh,200,1.0717390596168488,5,200,1,15
rbf_l2,200,1.076620184525757,5,200,1,15
lin,300,1.077527592483894,5,200,1,15
tanh,300,1.0402349282963397,5,200,1,15
rbf_l2,300,1.0478251700190846,5,200,1,15
lin,350,1.076675618392738,5,200,1,15
tanh,350,1.0451741122365523,5,200,1,15
rbf_l2,350,1.0305894873203405,5,200,1,15
lin,400,1.074533249794857,5,200,1,15
tanh,400,1.0348960363681654,5,200,1,15
rbf_l2,400,1.0277722151242954,5,200,1,15
lin,100,1.1048742191593695,5,200,3,15
tanh,100,1.108449898336657,5,200,3,15
rbf_l2,100,1.101334351940031,5,200,3,15
lin,150,1.0828782918824367,5,200,3,15
tanh,150,1.0890461837390863,5,200,3,15
rbf_l2,150,1.0931288404136987,5,200,3,15
lin,200,1.0797364361405712,5,200,3,15
tanh,200,1.0707863481200341,5,200,3,15
rbf_l2,200,1.075478305057256,5,200,3,15
lin,300,1.0817880677140848,5,200,3,15
tanh,300,1.0496084793656792,5,200,3,15
rbf_l2,300,1.0357856759753072,5,200,3,15
lin,350,1.081532602535606,5,200,3,15
tanh,350,1.038626385589073,5,200,3,15
rbf_l2,350,1.0308609763573173,5,200,3,15
lin,400,1.0788786939801973,5,200,3,15
tanh,400,1.0299171084341627,5,200,3,15
rbf_l2,400,1.0424797794853045,5,200,3,15
lin,100,1.107529695791908,5,200,5,15
tanh,100,1.1133901256721912,5,200,5,15
rbf_l2,100,1.0995322751485326,5,200,5,15
lin,150,1.0816871710127507,5,200,5,15
tanh,150,1.0869458756693686,5,200,5,15
rbf_l2,150,1.1020244946766409,5,200,5,15
lin,200,1.0808616314582022,5,200,5,15
tanh,200,1.0717842846623984,5,200,5,15
rbf_l2,200,1.0762964876895884,5,200,5,15
lin,300,1.0824102205514277,5,200,5,15
tanh,300,1.0339797571747416,5,200,5,15
rbf_l2,300,1.0449174062820747,5,200,5,15
lin,350,1.0822821000897513,5,200,5,15
tanh,350,1.0424101883685597,5,200,5,15
rbf_l2,350,1.0435118997794448,5,200,5,15
lin,400,1.0842880935623298,5,200,5,15
tanh,400,1.0428331817236853,5,200,5,15
rbf_l2,400,1.0317001630635312,5,200,5,15
lin,100,1.0984699748893034,7,200,1,15
tanh,100,1.0941802484963694,7,200,1,15
rbf_l2,100,1.0977416770722823,7,200,1,15
lin,150,1.0819918775816713,7,200,1,15
tanh,150,1.0692040304965247,7,200,1,15
rbf_l2,150,1.0897205509270547,7,200,1,15
lin,200,1.0722961480057651,7,200,1,15
tanh,200,1.0694000970321667,7,200,1,15
rbf_l2,200,1.0578480706820037,7,200,1,15
lin,300,1.0787520968711584,7,200,1,15
tanh,300,1.0323982535629193,7,200,1,15
rbf_l2,300,1.038013821918529,7,200,1,15
lin,350,1.0750014065394589,7,200,1,15
tanh,350,1.0431671615006464,7,200,1,15
rbf_l2,350,1.033086690307166,7,200,1,15
lin,400,1.072945204258907,7,200,1,15
tanh,400,1.0319566972827812,7,200,1,15
rbf_l2,400,1.0367209055217959,7,200,1,15
lin,100,1.1127846030561903,7,200,3,15
tanh,100,1.0946325421604874,7,200,3,15
rbf_l2,100,1.1114745276899622,7,200,3,15
lin,150,1.0862791661128375,7,200,3,15
tanh,150,1.0774891025154831,7,200,3,15
rbf_l2,150,1.0798766205120676,7,200,3,15
lin,200,1.0851389391778423,7,200,3,15
tanh,200,1.0739300242770955,7,200,3,15
rbf_l2,200,1.0782391315542117,7,200,3,15
lin,300,1.0682947346874823,7,200,3,15
tanh,300,1.0429635227213527,7,200,3,15
rbf_l2,300,1.0429856550854502,7,200,3,15
lin,350,1.074721619921467,7,200,3,15
tanh,350,1.045326578731568,7,200,3,15
rbf_l2,350,1.0390886010778235,7,200,3,15
lin,400,1.074246157704459,7,200,3,15
tanh,400,1.0286872864186503,7,200,3,15
rbf_l2,400,1.0336119446854766,7,200,3,15
lin,100,1.1029974908432147,7,200,5,15
tanh,100,1.1046760556577868,7,200,5,15
rbf_l2,100,1.102481967768105,7,200,5,15
lin,150,1.092769391043419,7,200,5,15
tanh,150,1.0877010803585185,7,200,5,15
rbf_l2,150,1.086062004666735,7,200,5,15
lin,200,1.0756687575961548,7,200,5,15
tanh,200,1.0644830911232546,7,200,5,15
rbf_l2,200,1.0805875240130098,7,200,5,15
lin,300,1.079004162238005,7,200,5,15
tanh,300,1.0377395456578549,7,200,5,15
rbf_l2,300,1.0512923310458178,7,200,5,15
lin,350,1.0696720663344084,7,200,5,15
tanh,350,1.038799827791556,7,200,5,15
rbf_l2,350,1.0399067706664584,7,200,5,15
lin,400,1.0753771536637022,7,200,5,15
tanh,400,1.0380397897423375,7,200,5,15
rbf_l2,400,1.0258890081742345,7,200,5,15
lin,150,1.103749089567274,2,300,1,15
tanh,150,1.0874084192086266,2,300,1,15
rbf_l2,150,1.1119053255004618,2,300,1,15
lin,225,1.0869178603001113,2,300,1,15
tanh,225,1.0826346213308011,2,300,1,15
rbf_l2,225,1.0845049785041776,2,300,1,15
lin,300,1.0780689861049628,2,300,1,15
tanh,300,1.0791316128530986,2,300,1,15
rbf_l2,300,1.0788049193400595,2,300,1,15
lin,450,1.0789058975387884,2,300,1,15
tanh,450,1.0493379780461085,2,300,1,15
rbf_l2,450,1.0477104291661399,2,300,1,15
lin,525,1.0851546099043874,2,300,1,15
tanh,525,1.040075197054535,2,300,1,15
rbf_l2,525,1.0481090665297732,2,300,1,15
lin,600,1.0748385259204527,2,300,1,15
tanh,600,1.041795500722312,2,300,1,15
rbf_l2,600,1.0414283252699845,2,300,1,15
lin,150,1.0979227611864757,2,300,3,15
tanh,150,1.1092554920486015,2,300,3,15
rbf_l2,150,1.0980296910758018,2,300,3,15
lin,225,1.0824377909924146,2,300,3,15
tanh,225,1.0837173788680277,2,300,3,15
rbf_l2,225,1.076511631547437,2,300,3,15
lin,300,1.0853170878446061,2,300,3,15
tanh,300,1.0626101941296142,2,300,3,15
rbf_l2,300,1.0776118543845,2,300,3,15
lin,450,1.0785270430912113,2,300,3,15
tanh,450,1.0486607482161951,2,300,3,15
rbf_l2,450,1.0405508950731157,2,300,3,15
lin,525,1.0760719746261782,2,300,3,15
tanh,525,1.0481970678134935,2,300,3,15
rbf_l2,525,1.0517989844087738,2,300,3,15
lin,600,1.0850691488085258,2,300,3,15
tanh,600,1.0457726030049257,2,300,3,15
rbf_l2,600,1.035880631502891,2,300,3,15
lin,150,1.0993009663771747,2,300,5,15
tanh,150,1.1060734699526729,2,300,5,15
rbf_l2,150,1.0970907075462164,2,300,5,15
lin,225,1.085259036274969,2,300,5,15
tanh,225,1.0791989191274447,2,300,5,15
rbf_l2,225,1.0832080218493276,2,300,5,15
lin,300,1.0817534681704157,2,300,5,15
tanh,300,1.0594412803712034,2,300,5,15
rbf_l2,300,1.0709384748525577,2,300,5,15
lin,450,1.0789255910359834,2,300,5,15
tanh,450,1.0518132866652992,2,300,5,15
rbf_l2,450,1.0543254138214917,2,300,5,15
lin,525,1.0762678274459954,2,300,5,15
tanh,525,1.0465902117836148,2,300,5,15
rbf_l2,525,1.0466314829101526,2,300,5,15
lin,600,1.0739594989240655,2,300,5,15
tanh,600,1.0458724308890075,2,300,5,15
rbf_l2,600,1.049658358165956,2,300,5,15
lin,150,1.0918363179464572,5,300,1,15
tanh,150,1.0972427567852976,5,300,1,15
rbf_l2,150,1.101120830760697,5,300,1,15
lin,225,1.0776158212545621,5,300,1,15
tanh,225,1.0752023433387148,5,300,1,15
rbf_l2,225,1.094458098991748,5,300,1,15
lin,300,1.0676593859049546,5,300,1,15
tanh,300,1.0592004091121887,5,300,1,15
rbf_l2,300,1.0712642060331812,5,300,1,15
lin,450,1.075149356425097,5,300,1,15
tanh,450,1.0473774946481655,5,300,1,15
rbf_l2,450,1.0347438187815068,5,300,1,15
lin,525,1.075629078373531,5,300,1,15
tanh,525,1.028151046051137,5,300,1,15
rbf_l2,525,1.0303309793147253,5,300,1,15
lin,600,1.0785926654079474,5,300,1,15
tanh,600,1.0459254293491127,5,300,1,15
rbf_l2,600,1.0316061331344497,5,300,1,15
lin,150,1.0853145410533223,5,300,3,15
tanh,150,1.0800063746413833,5,300,3,15
rbf_l2,150,1.101558364740594,5,300,3,15
lin,225,1.0812725584137208,5,300,3,15
tanh,225,1.0821159952302655,5,300,3,15
rbf_l2,225,1.0923820552536472,5,300,3,15
lin,300,1.0756130499363714,5,300,3,15
tanh,300,1.0539836613357165,5,300,3,15
rbf_l2,300,1.0805056316379105,5,300,3,15
lin,450,1.0800379591556308,5,300,3,15
tanh,450,1.0397908488922236,5,300,3,15
rbf_l2,450,1.053384830521464,5,300,3,15
lin,525,1.0704858530321484,5,300,3,15
tanh,525,1.0447525482026323,5,300,3,15
rbf_l2,525,1.0368230850670066,5,300,3,15
lin,600,1.0707770788925202,5,300,3,15
tanh,600,1.0342128042245617,5,300,3,15
rbf_l2,600,1.0359978377819061,5,300,3,15
lin,150,1.098607184288571,5,300,5,15
tanh,150,1.0986981346654336,5,300,5,15
rbf_l2,150,1.090971022686538,5,300,5,15
lin,225,1.0768989996270375,5,300,5,15
tanh,225,1.0845187285736837,5,300,5,15
rbf_l2,225,1.083423066590344,5,300,5,15
lin,300,1.0687798426379866,5,300,5,15
tanh,300,1.0644151834397977,5,300,5,15
rbf_l2,300,1.0755155582917335,5,300,5,15
lin,450,1.068086113343802,5,300,5,15
tanh,450,1.0435347327716047,5,300,5,15
rbf_l2,450,1.0377417692420954,5,300,5,15
lin,525,1.0655088724773691,5,300,5,15
tanh,525,1.0469604264076917,5,300,5,15
rbf_l2,525,1.029029004483029,5,300,5,15
lin,600,1.076282165997251,5,300,5,15
tanh,600,1.034502081163482,5,300,5,15
rbf_l2,600,1.0350821382871438,5,300,5,15
lin,150,1.089150782117814,7,300,1,15
tanh,150,1.089550465734718,7,300,1,15
rbf_l2,150,1.0860556215153667,7,300,1,15
lin,225,1.0805854081348405,7,300,1,15
tanh,225,1.0756577955996576,7,300,1,15
rbf_l2,225,1.0816029552244486,7,300,1,15
lin,300,1.0739238714173382,7,300,1,15
tanh,300,1.068042086784989,7,300,1,15
rbf_l2,300,1.0679426853078682,7,300,1,15
lin,450,1.0830600998885456,7,300,1,15
tanh,450,1.0407926147690656,7,300,1,15
rbf_l2,450,1.0509942786282713,7,300,1,15
lin,525,1.0730211340929068,7,300,1,15
tanh,525,1.0438030411590202,7,300,1,15
rbf_l2,525,1.0402308180199387,7,300,1,15
lin,600,1.0701179116270003,7,300,1,15
tanh,600,1.0355932956696985,7,300,1,15
rbf_l2,600,1.0339220979375063,7,300,1,15
lin,150,1.0850760611234542,7,300,3,15
tanh,150,1.098454665138355,7,300,3,15
rbf_l2,150,1.0938036062964005,7,300,3,15
lin,225,1.077605464680251,7,300,3,15
tanh,225,1.0702379194954363,7,300,3,15
rbf_l2,225,1.0848574313180221,7,300,3,15
lin,300,1.0712702800835114,7,300,3,15
tanh,300,1.058012710192758,7,300,3,15
rbf_l2,300,1.064458781960995,7,300,3,15
lin,450,1.0722306417490732,7,300,3,15
tanh,450,1.0447227404452712,7,300,3,15
rbf_l2,450,1.0415205246086339,7,300,3,15
lin,525,1.066952010870048,7,300,3,15
tanh,525,1.0317421550775827,7,300,3,15
rbf_l2,525,1.0307461738214247,7,300,3,15
lin,600,1.0655148710504068,7,300,3,15
tanh,600,1.0346544843621155,7,300,3,15
rbf_l2,600,1.0326781555375248,7,300,3,15
lin,150,1.0910510327312946,7,300,5,15
tanh,150,1.0975353035898312,7,300,5,15
rbf_l2,150,1.0968951852252904,7,300,5,15
lin,225,1.0901988941481362,7,300,5,15
tanh,225,1.0734889449397813,7,300,5,15
rbf_l2,225,1.0860590512958403,7,300,5,15
lin,300,1.07409742775816,7,300,5,15
tanh,300,1.0588646437057667,7,300,5,15
rbf_l2,300,1.0626338066543357,7,300,5,15
lin,450,1.0742361947856032,7,300,5,15
tanh,450,1.0362598121622146,7,300,5,15
rbf_l2,450,1.0403500961279017,7,300,5,15
lin,525,1.066051186924836,7,300,5,15
tanh,525,1.0406883136644187,7,300,5,15
rbf_l2,525,1.0368560800779671,7,300,5,15
lin,600,1.0728491865450875,7,300,5,15
tanh,600,1.0251537277705816,7,300,5,15
rbf_l2,600,1.0306065616652496,7,300,5,15
